--
-- PostgreSQL database dump
--

-- Dumped from database version 12.12 (Ubuntu 12.12-0ubuntu0.20.04.1)
-- Dumped by pg_dump version 12.12 (Ubuntu 12.12-0ubuntu0.20.04.1)

SET statement_timeout = 0;
SET lock_timeout = 0;
SET idle_in_transaction_session_timeout = 0;
SET client_encoding = 'UTF8';
SET standard_conforming_strings = on;
SELECT pg_catalog.set_config('search_path', '', false);
SET check_function_bodies = false;
SET xmloption = content;
SET client_min_messages = warning;
SET row_security = off;

SET default_tablespace = '';

SET default_table_access_method = heap;

--
-- Name: auth_group; Type: TABLE; Schema: public; Owner: postgres
--

CREATE TABLE public.auth_group (
    id integer NOT NULL,
    name character varying(150) NOT NULL
);


ALTER TABLE public.auth_group OWNER TO postgres;

--
-- Name: auth_group_id_seq; Type: SEQUENCE; Schema: public; Owner: postgres
--

ALTER TABLE public.auth_group ALTER COLUMN id ADD GENERATED BY DEFAULT AS IDENTITY (
    SEQUENCE NAME public.auth_group_id_seq
    START WITH 1
    INCREMENT BY 1
    NO MINVALUE
    NO MAXVALUE
    CACHE 1
);


--
-- Name: auth_group_permissions; Type: TABLE; Schema: public; Owner: postgres
--

CREATE TABLE public.auth_group_permissions (
    id bigint NOT NULL,
    group_id integer NOT NULL,
    permission_id integer NOT NULL
);


ALTER TABLE public.auth_group_permissions OWNER TO postgres;

--
-- Name: auth_group_permissions_id_seq; Type: SEQUENCE; Schema: public; Owner: postgres
--

ALTER TABLE public.auth_group_permissions ALTER COLUMN id ADD GENERATED BY DEFAULT AS IDENTITY (
    SEQUENCE NAME public.auth_group_permissions_id_seq
    START WITH 1
    INCREMENT BY 1
    NO MINVALUE
    NO MAXVALUE
    CACHE 1
);


--
-- Name: auth_permission; Type: TABLE; Schema: public; Owner: postgres
--

CREATE TABLE public.auth_permission (
    id integer NOT NULL,
    name character varying(255) NOT NULL,
    content_type_id integer NOT NULL,
    codename character varying(100) NOT NULL
);


ALTER TABLE public.auth_permission OWNER TO postgres;

--
-- Name: auth_permission_id_seq; Type: SEQUENCE; Schema: public; Owner: postgres
--

ALTER TABLE public.auth_permission ALTER COLUMN id ADD GENERATED BY DEFAULT AS IDENTITY (
    SEQUENCE NAME public.auth_permission_id_seq
    START WITH 1
    INCREMENT BY 1
    NO MINVALUE
    NO MAXVALUE
    CACHE 1
);


--
-- Name: chat_message; Type: TABLE; Schema: public; Owner: postgres
--

CREATE TABLE public.chat_message (
    id bigint NOT NULL,
    contenu_message text NOT NULL,
    date_message timestamp with time zone NOT NULL,
    is_deleted boolean NOT NULL,
    room_id bigint NOT NULL,
    sender_id bigint NOT NULL
);


ALTER TABLE public.chat_message OWNER TO postgres;

--
-- Name: chat_message_id_seq; Type: SEQUENCE; Schema: public; Owner: postgres
--

ALTER TABLE public.chat_message ALTER COLUMN id ADD GENERATED BY DEFAULT AS IDENTITY (
    SEQUENCE NAME public.chat_message_id_seq
    START WITH 1
    INCREMENT BY 1
    NO MINVALUE
    NO MAXVALUE
    CACHE 1
);


--
-- Name: chat_room; Type: TABLE; Schema: public; Owner: postgres
--

CREATE TABLE public.chat_room (
    id bigint NOT NULL,
    name character varying(100) NOT NULL,
    is_deleted boolean NOT NULL
);


ALTER TABLE public.chat_room OWNER TO postgres;

--
-- Name: chat_room_id_seq; Type: SEQUENCE; Schema: public; Owner: postgres
--

ALTER TABLE public.chat_room ALTER COLUMN id ADD GENERATED BY DEFAULT AS IDENTITY (
    SEQUENCE NAME public.chat_room_id_seq
    START WITH 1
    INCREMENT BY 1
    NO MINVALUE
    NO MAXVALUE
    CACHE 1
);


--
-- Name: chat_room_users; Type: TABLE; Schema: public; Owner: postgres
--

CREATE TABLE public.chat_room_users (
    id bigint NOT NULL,
    room_id bigint NOT NULL,
    user_id bigint NOT NULL
);


ALTER TABLE public.chat_room_users OWNER TO postgres;

--
-- Name: chat_room_user_id_seq; Type: SEQUENCE; Schema: public; Owner: postgres
--

ALTER TABLE public.chat_room_users ALTER COLUMN id ADD GENERATED BY DEFAULT AS IDENTITY (
    SEQUENCE NAME public.chat_room_user_id_seq
    START WITH 1
    INCREMENT BY 1
    NO MINVALUE
    NO MAXVALUE
    CACHE 1
);


--
-- Name: django_admin_log; Type: TABLE; Schema: public; Owner: postgres
--

CREATE TABLE public.django_admin_log (
    id integer NOT NULL,
    action_time timestamp with time zone NOT NULL,
    object_id text,
    object_repr character varying(200) NOT NULL,
    action_flag smallint NOT NULL,
    change_message text NOT NULL,
    content_type_id integer,
    user_id bigint NOT NULL,
    CONSTRAINT django_admin_log_action_flag_check CHECK ((action_flag >= 0))
);


ALTER TABLE public.django_admin_log OWNER TO postgres;

--
-- Name: django_admin_log_id_seq; Type: SEQUENCE; Schema: public; Owner: postgres
--

ALTER TABLE public.django_admin_log ALTER COLUMN id ADD GENERATED BY DEFAULT AS IDENTITY (
    SEQUENCE NAME public.django_admin_log_id_seq
    START WITH 1
    INCREMENT BY 1
    NO MINVALUE
    NO MAXVALUE
    CACHE 1
);


--
-- Name: django_content_type; Type: TABLE; Schema: public; Owner: postgres
--

CREATE TABLE public.django_content_type (
    id integer NOT NULL,
    app_label character varying(100) NOT NULL,
    model character varying(100) NOT NULL
);


ALTER TABLE public.django_content_type OWNER TO postgres;

--
-- Name: django_content_type_id_seq; Type: SEQUENCE; Schema: public; Owner: postgres
--

ALTER TABLE public.django_content_type ALTER COLUMN id ADD GENERATED BY DEFAULT AS IDENTITY (
    SEQUENCE NAME public.django_content_type_id_seq
    START WITH 1
    INCREMENT BY 1
    NO MINVALUE
    NO MAXVALUE
    CACHE 1
);


--
-- Name: django_migrations; Type: TABLE; Schema: public; Owner: postgres
--

CREATE TABLE public.django_migrations (
    id bigint NOT NULL,
    app character varying(255) NOT NULL,
    name character varying(255) NOT NULL,
    applied timestamp with time zone NOT NULL
);


ALTER TABLE public.django_migrations OWNER TO postgres;

--
-- Name: django_migrations_id_seq; Type: SEQUENCE; Schema: public; Owner: postgres
--

ALTER TABLE public.django_migrations ALTER COLUMN id ADD GENERATED BY DEFAULT AS IDENTITY (
    SEQUENCE NAME public.django_migrations_id_seq
    START WITH 1
    INCREMENT BY 1
    NO MINVALUE
    NO MAXVALUE
    CACHE 1
);


--
-- Name: django_session; Type: TABLE; Schema: public; Owner: postgres
--

CREATE TABLE public.django_session (
    session_key character varying(40) NOT NULL,
    session_data text NOT NULL,
    expire_date timestamp with time zone NOT NULL
);


ALTER TABLE public.django_session OWNER TO postgres;

--
-- Name: pointage_datasetpics; Type: TABLE; Schema: public; Owner: postgres
--

CREATE TABLE public.pointage_datasetpics (
    id bigint NOT NULL,
    picture_1 character varying(100) NOT NULL,
    picture_2 character varying(100) NOT NULL,
    picture_3 character varying(100) NOT NULL,
    picture_4 character varying(100) NOT NULL,
    picture_5 character varying(100) NOT NULL,
    picture_6 character varying(100) NOT NULL,
    picture_7 character varying(100) NOT NULL,
    picture_8 character varying(100) NOT NULL,
    picture_9 character varying(100) NOT NULL,
    picture_10 character varying(100) NOT NULL,
    user_id bigint NOT NULL
);


ALTER TABLE public.pointage_datasetpics OWNER TO postgres;

--
-- Name: pointage_datasetpics_id_seq; Type: SEQUENCE; Schema: public; Owner: postgres
--

ALTER TABLE public.pointage_datasetpics ALTER COLUMN id ADD GENERATED BY DEFAULT AS IDENTITY (
    SEQUENCE NAME public.pointage_datasetpics_id_seq
    START WITH 1
    INCREMENT BY 1
    NO MINVALUE
    NO MAXVALUE
    CACHE 1
);


--
-- Name: pointage_departement; Type: TABLE; Schema: public; Owner: postgres
--

CREATE TABLE public.pointage_departement (
    id bigint NOT NULL,
    name character varying(100) NOT NULL,
    is_deleted boolean NOT NULL
);


ALTER TABLE public.pointage_departement OWNER TO postgres;

--
-- Name: pointage_departement_id_seq; Type: SEQUENCE; Schema: public; Owner: postgres
--

ALTER TABLE public.pointage_departement ALTER COLUMN id ADD GENERATED BY DEFAULT AS IDENTITY (
    SEQUENCE NAME public.pointage_departement_id_seq
    START WITH 1
    INCREMENT BY 1
    NO MINVALUE
    NO MAXVALUE
    CACHE 1
);


--
-- Name: pointage_departement_users; Type: TABLE; Schema: public; Owner: postgres
--

CREATE TABLE public.pointage_departement_users (
    id bigint NOT NULL,
    departement_id bigint NOT NULL,
    user_id bigint NOT NULL
);


ALTER TABLE public.pointage_departement_users OWNER TO postgres;

--
-- Name: pointage_departement_users_id_seq; Type: SEQUENCE; Schema: public; Owner: postgres
--

ALTER TABLE public.pointage_departement_users ALTER COLUMN id ADD GENERATED BY DEFAULT AS IDENTITY (
    SEQUENCE NAME public.pointage_departement_users_id_seq
    START WITH 1
    INCREMENT BY 1
    NO MINVALUE
    NO MAXVALUE
    CACHE 1
);


--
-- Name: pointage_materiel; Type: TABLE; Schema: public; Owner: postgres
--

CREATE TABLE public.pointage_materiel (
    id bigint NOT NULL,
    reference integer NOT NULL,
    emplacement character varying(100) NOT NULL,
    etat boolean NOT NULL,
    is_deleted boolean NOT NULL,
    porte_id bigint NOT NULL
);


ALTER TABLE public.pointage_materiel OWNER TO postgres;

--
-- Name: pointage_materiel_id_seq; Type: SEQUENCE; Schema: public; Owner: postgres
--

ALTER TABLE public.pointage_materiel ALTER COLUMN id ADD GENERATED BY DEFAULT AS IDENTITY (
    SEQUENCE NAME public.pointage_materiel_id_seq
    START WITH 1
    INCREMENT BY 1
    NO MINVALUE
    NO MAXVALUE
    CACHE 1
);


--
-- Name: pointage_picturepointage; Type: TABLE; Schema: public; Owner: postgres
--

CREATE TABLE public.pointage_picturepointage (
    id bigint NOT NULL,
    pic_name character varying(100) NOT NULL,
    user_id bigint NOT NULL
);


ALTER TABLE public.pointage_picturepointage OWNER TO postgres;

--
-- Name: pointage_picturepointage_id_seq; Type: SEQUENCE; Schema: public; Owner: postgres
--

ALTER TABLE public.pointage_picturepointage ALTER COLUMN id ADD GENERATED BY DEFAULT AS IDENTITY (
    SEQUENCE NAME public.pointage_picturepointage_id_seq
    START WITH 1
    INCREMENT BY 1
    NO MINVALUE
    NO MAXVALUE
    CACHE 1
);


--
-- Name: pointage_porte; Type: TABLE; Schema: public; Owner: postgres
--

CREATE TABLE public.pointage_porte (
    id bigint NOT NULL,
    name character varying(100) NOT NULL,
    is_deleted boolean NOT NULL,
    departement_id bigint NOT NULL,
    is_open boolean NOT NULL
);


ALTER TABLE public.pointage_porte OWNER TO postgres;

--
-- Name: pointage_porte_id_seq; Type: SEQUENCE; Schema: public; Owner: postgres
--

ALTER TABLE public.pointage_porte ALTER COLUMN id ADD GENERATED BY DEFAULT AS IDENTITY (
    SEQUENCE NAME public.pointage_porte_id_seq
    START WITH 1
    INCREMENT BY 1
    NO MINVALUE
    NO MAXVALUE
    CACHE 1
);


--
-- Name: pointage_porte_users; Type: TABLE; Schema: public; Owner: postgres
--

CREATE TABLE public.pointage_porte_users (
    id bigint NOT NULL,
    porte_id bigint NOT NULL,
    user_id bigint NOT NULL
);


ALTER TABLE public.pointage_porte_users OWNER TO postgres;

--
-- Name: pointage_porte_users_id_seq; Type: SEQUENCE; Schema: public; Owner: postgres
--

ALTER TABLE public.pointage_porte_users ALTER COLUMN id ADD GENERATED BY DEFAULT AS IDENTITY (
    SEQUENCE NAME public.pointage_porte_users_id_seq
    START WITH 1
    INCREMENT BY 1
    NO MINVALUE
    NO MAXVALUE
    CACHE 1
);


--
-- Name: pointage_presence; Type: TABLE; Schema: public; Owner: postgres
--

CREATE TABLE public.pointage_presence (
    id bigint NOT NULL,
    heure_debut time without time zone,
    heure_fin time without time zone,
    presence_day_id bigint,
    porte_id bigint
);


ALTER TABLE public.pointage_presence OWNER TO postgres;

--
-- Name: pointage_presence_id_seq; Type: SEQUENCE; Schema: public; Owner: postgres
--

ALTER TABLE public.pointage_presence ALTER COLUMN id ADD GENERATED BY DEFAULT AS IDENTITY (
    SEQUENCE NAME public.pointage_presence_id_seq
    START WITH 1
    INCREMENT BY 1
    NO MINVALUE
    NO MAXVALUE
    CACHE 1
);


--
-- Name: pointage_presenceday; Type: TABLE; Schema: public; Owner: postgres
--

CREATE TABLE public.pointage_presenceday (
    id bigint NOT NULL,
    date date NOT NULL,
    present boolean,
    early_leaving boolean,
    early_leaving_time numeric(4,2),
    overtime boolean,
    overtime_time numeric(4,2),
    total_rest numeric(5,2),
    user_id bigint NOT NULL,
    is_late boolean,
    late_time numeric(4,2)
);


ALTER TABLE public.pointage_presenceday OWNER TO postgres;

--
-- Name: pointage_presenceday_id_seq; Type: SEQUENCE; Schema: public; Owner: postgres
--

ALTER TABLE public.pointage_presenceday ALTER COLUMN id ADD GENERATED BY DEFAULT AS IDENTITY (
    SEQUENCE NAME public.pointage_presenceday_id_seq
    START WITH 1
    INCREMENT BY 1
    NO MINVALUE
    NO MAXVALUE
    CACHE 1
);


--
-- Name: token_blacklist_blacklistedtoken; Type: TABLE; Schema: public; Owner: postgres
--

CREATE TABLE public.token_blacklist_blacklistedtoken (
    id bigint NOT NULL,
    blacklisted_at timestamp with time zone NOT NULL,
    token_id bigint NOT NULL
);


ALTER TABLE public.token_blacklist_blacklistedtoken OWNER TO postgres;

--
-- Name: token_blacklist_blacklistedtoken_id_seq; Type: SEQUENCE; Schema: public; Owner: postgres
--

ALTER TABLE public.token_blacklist_blacklistedtoken ALTER COLUMN id ADD GENERATED BY DEFAULT AS IDENTITY (
    SEQUENCE NAME public.token_blacklist_blacklistedtoken_id_seq
    START WITH 1
    INCREMENT BY 1
    NO MINVALUE
    NO MAXVALUE
    CACHE 1
);


--
-- Name: token_blacklist_outstandingtoken; Type: TABLE; Schema: public; Owner: postgres
--

CREATE TABLE public.token_blacklist_outstandingtoken (
    id bigint NOT NULL,
    token text NOT NULL,
    created_at timestamp with time zone,
    expires_at timestamp with time zone NOT NULL,
    user_id bigint,
    jti character varying(255) NOT NULL
);


ALTER TABLE public.token_blacklist_outstandingtoken OWNER TO postgres;

--
-- Name: token_blacklist_outstandingtoken_id_seq; Type: SEQUENCE; Schema: public; Owner: postgres
--

ALTER TABLE public.token_blacklist_outstandingtoken ALTER COLUMN id ADD GENERATED BY DEFAULT AS IDENTITY (
    SEQUENCE NAME public.token_blacklist_outstandingtoken_id_seq
    START WITH 1
    INCREMENT BY 1
    NO MINVALUE
    NO MAXVALUE
    CACHE 1
);


--
-- Name: user_user; Type: TABLE; Schema: public; Owner: postgres
--

CREATE TABLE public.user_user (
    id bigint NOT NULL,
    password character varying(128) NOT NULL,
    email character varying(60) NOT NULL,
    matricule character varying(50) NOT NULL,
    first_name character varying(30) NOT NULL,
    last_name character varying(30) NOT NULL,
    role smallint NOT NULL,
    gender character varying(1),
    date_of_birth date,
    phone_number character varying(20) NOT NULL,
    address character varying(100) NOT NULL,
    post character varying(100) NOT NULL,
    last_login timestamp with time zone NOT NULL,
    picture character varying(100) NOT NULL,
    is_admin boolean NOT NULL,
    is_staff boolean NOT NULL,
    is_active boolean NOT NULL,
    is_superuser boolean NOT NULL,
    is_deleted boolean NOT NULL,
    CONSTRAINT user_user_role_check CHECK ((role >= 0))
);


ALTER TABLE public.user_user OWNER TO postgres;

--
-- Name: user_user_id_seq; Type: SEQUENCE; Schema: public; Owner: postgres
--

ALTER TABLE public.user_user ALTER COLUMN id ADD GENERATED BY DEFAULT AS IDENTITY (
    SEQUENCE NAME public.user_user_id_seq
    START WITH 1
    INCREMENT BY 1
    NO MINVALUE
    NO MAXVALUE
    CACHE 1
);


--
-- Data for Name: auth_group; Type: TABLE DATA; Schema: public; Owner: postgres
--

COPY public.auth_group (id, name) FROM stdin;
\.


--
-- Data for Name: auth_group_permissions; Type: TABLE DATA; Schema: public; Owner: postgres
--

COPY public.auth_group_permissions (id, group_id, permission_id) FROM stdin;
\.


--
-- Data for Name: auth_permission; Type: TABLE DATA; Schema: public; Owner: postgres
--

COPY public.auth_permission (id, name, content_type_id, codename) FROM stdin;
1	Can add log entry	1	add_logentry
2	Can change log entry	1	change_logentry
3	Can delete log entry	1	delete_logentry
4	Can view log entry	1	view_logentry
5	Can add permission	2	add_permission
6	Can change permission	2	change_permission
7	Can delete permission	2	delete_permission
8	Can view permission	2	view_permission
9	Can add group	3	add_group
10	Can change group	3	change_group
11	Can delete group	3	delete_group
12	Can view group	3	view_group
13	Can add content type	4	add_contenttype
14	Can change content type	4	change_contenttype
15	Can delete content type	4	delete_contenttype
16	Can view content type	4	view_contenttype
17	Can add session	5	add_session
18	Can change session	5	change_session
19	Can delete session	5	delete_session
20	Can view session	5	view_session
21	Can add user	6	add_user
22	Can change user	6	change_user
23	Can delete user	6	delete_user
24	Can view user	6	view_user
25	Can add departement	7	add_departement
26	Can change departement	7	change_departement
27	Can delete departement	7	delete_departement
28	Can view departement	7	view_departement
29	Can add presence day	8	add_presenceday
30	Can change presence day	8	change_presenceday
31	Can delete presence day	8	delete_presenceday
32	Can view presence day	8	view_presenceday
33	Can add presence	9	add_presence
34	Can change presence	9	change_presence
35	Can delete presence	9	delete_presence
36	Can view presence	9	view_presence
37	Can add porte	10	add_porte
38	Can change porte	10	change_porte
39	Can delete porte	10	delete_porte
40	Can view porte	10	view_porte
41	Can add picture pointage	11	add_picturepointage
42	Can change picture pointage	11	change_picturepointage
43	Can delete picture pointage	11	delete_picturepointage
44	Can view picture pointage	11	view_picturepointage
45	Can add materiel	12	add_materiel
46	Can change materiel	12	change_materiel
47	Can delete materiel	12	delete_materiel
48	Can view materiel	12	view_materiel
49	Can add data set pics	13	add_datasetpics
50	Can change data set pics	13	change_datasetpics
51	Can delete data set pics	13	delete_datasetpics
52	Can view data set pics	13	view_datasetpics
53	Can add room	14	add_room
54	Can change room	14	change_room
55	Can delete room	14	delete_room
56	Can view room	14	view_room
57	Can add message	15	add_message
58	Can change message	15	change_message
59	Can delete message	15	delete_message
60	Can view message	15	view_message
61	Can add blacklisted token	16	add_blacklistedtoken
62	Can change blacklisted token	16	change_blacklistedtoken
63	Can delete blacklisted token	16	delete_blacklistedtoken
64	Can view blacklisted token	16	view_blacklistedtoken
65	Can add outstanding token	17	add_outstandingtoken
66	Can change outstanding token	17	change_outstandingtoken
67	Can delete outstanding token	17	delete_outstandingtoken
68	Can view outstanding token	17	view_outstandingtoken
\.


--
-- Data for Name: chat_message; Type: TABLE DATA; Schema: public; Owner: postgres
--

COPY public.chat_message (id, contenu_message, date_message, is_deleted, room_id, sender_id) FROM stdin;
1	test	2022-10-09 01:37:23.304942+02	f	2	5
2	hello	2022-10-09 01:40:23.480342+02	f	2	5
3	test	2022-10-09 01:40:26.593805+02	f	2	5
4	Hello	2022-10-09 01:40:31.113995+02	f	2	5
5	test	2022-10-09 01:41:32.672213+02	f	2	5
6	test	2022-10-09 01:42:07.123086+02	f	2	5
7	test	2022-10-09 01:47:05.606293+02	f	2	5
8	test 01	2022-10-09 01:47:08.845826+02	f	2	5
9	hello	2022-10-09 01:47:12.079628+02	f	2	5
10	cava	2022-10-09 01:47:15.364764+02	f	2	5
11	test	2022-10-09 01:47:49.396039+02	f	2	5
12	test01	2022-10-09 01:47:51.025782+02	f	2	5
13	hello	2022-10-09 01:47:55.070701+02	f	2	5
14	cava	2022-10-09 01:47:58.398562+02	f	2	5
15	Test	2022-10-09 02:13:12.52726+02	f	2	5
16	Hello	2022-10-09 02:14:35.592547+02	f	2	5
17	Test	2022-10-09 02:15:36.538551+02	f	2	5
18	Hello	2022-10-09 02:15:57.062673+02	f	2	5
19	Hi	2022-10-09 02:16:00.962488+02	f	2	5
20	Hello bro	2022-10-09 02:19:59.469478+02	f	2	5
21	How are you	2022-10-09 02:20:07.017919+02	f	2	5
22	Ahla	2022-10-09 02:20:41.156162+02	f	2	1
23	Winek cava??	2022-10-09 02:20:56.829745+02	f	2	5
24	Walahi cava wenti?	2022-10-09 02:21:03.685124+02	f	2	1
25	Walahi labes	2022-10-09 02:21:09.818317+02	f	2	5
26	Hello	2022-10-09 02:21:38.255582+02	f	2	5
27	Test Message	2022-10-09 02:24:42.129636+02	f	2	5
28	Bye	2022-10-09 02:47:33.22857+02	f	2	5
29	Hello	2022-10-09 02:49:12.473771+02	f	2	5
30	How are you??	2022-10-09 02:49:23.111951+02	f	2	1
31	Hello	2022-10-11 00:20:14.052041+02	f	2	1
33	Test	2022-10-11 00:37:04.411838+02	f	2	1
34	Test	2022-10-11 00:43:04.240035+02	f	2	1
35	Hello	2022-10-11 00:43:08.015848+02	f	2	1
36	te	2022-10-11 00:45:03.444089+02	f	2	1
37	Hello	2022-10-11 00:47:13.760863+02	f	2	2
38	Hi	2022-10-11 00:47:20.483986+02	f	2	1
39	Bonjour	2022-10-11 01:06:21.686955+02	f	2	3
40	Test	2022-10-11 02:01:07.594873+02	f	2	3
41	tEST	2022-10-11 02:02:37.214408+02	f	2	3
42	Test	2022-10-11 02:03:30.801654+02	f	2	3
43	Test	2022-10-11 02:04:57.339466+02	f	2	3
44	Test	2022-10-11 02:05:30.126213+02	f	3	3
45	Test	2022-10-11 02:16:36.195573+02	f	3	3
46	Test 01	2022-10-11 02:16:39.482968+02	f	3	3
47	Hello	2022-10-11 02:17:08.996047+02	f	2	3
48	How are you bro	2022-10-11 02:17:13.889167+02	f	2	3
49	Fine and you	2022-10-11 02:17:18.807959+02	f	2	3
50	This is a chat app powered by me	2022-10-11 02:17:42.629072+02	f	2	3
51	We can use it at any time	2022-10-11 02:17:51.103002+02	f	2	3
52	So thank you	2022-10-11 02:17:56.965519+02	f	2	3
53	HI	2022-10-11 02:19:22.838413+02	f	3	3
54	Hey	2022-10-11 02:40:41.387762+02	f	3	1
55	How are you	2022-10-11 02:40:44.752768+02	f	3	1
56	Fine and you	2022-10-11 02:40:49.330345+02	f	3	1
57	Walahi fine	2022-10-11 02:40:52.957533+02	f	3	1
58	Good	2022-10-11 02:40:59.916163+02	f	2	1
59	Wow	2022-10-11 02:41:23.683454+02	f	2	1
60	Street	2022-10-11 02:41:31.556947+02	f	2	1
61	Bonjour	2022-10-11 02:43:41.1266+02	f	3	3
62	Hey	2022-10-11 02:43:48.327059+02	f	2	3
63	Test	2022-10-11 02:46:10.913904+02	f	3	3
\.


--
-- Data for Name: chat_room; Type: TABLE DATA; Schema: public; Owner: postgres
--

COPY public.chat_room (id, name, is_deleted) FROM stdin;
2	TEST	f
3	New Room	f
\.


--
-- Data for Name: chat_room_users; Type: TABLE DATA; Schema: public; Owner: postgres
--

COPY public.chat_room_users (id, room_id, user_id) FROM stdin;
7	2	1
8	2	2
9	2	3
10	2	4
11	2	5
12	3	1
13	3	2
14	3	3
15	3	4
16	3	5
17	3	6
\.


--
-- Data for Name: django_admin_log; Type: TABLE DATA; Schema: public; Owner: postgres
--

COPY public.django_admin_log (id, action_time, object_id, object_repr, action_flag, change_message, content_type_id, user_id) FROM stdin;
1	2022-10-03 21:10:49.308405+02	1	Porte object (1)	2	[{"changed": {"fields": ["Users"]}}]	10	1
2	2022-10-04 21:56:33.138491+02	2	Porte object (2)	2	[{"changed": {"fields": ["Users"]}}]	10	1
3	2022-10-04 22:22:11.114298+02	3	Porte object (3)	1	[{"added": {}}]	10	1
4	2022-10-06 10:20:37.588823+02	1	Presence object (1)	2	[{"changed": {"fields": ["Porte"]}}]	9	1
5	2022-10-06 10:20:38.908071+02	1	Presence object (1)	2	[]	9	1
6	2022-10-06 10:21:33.21447+02	2	Presence object (2)	2	[{"changed": {"fields": ["Porte"]}}]	9	1
7	2022-10-06 10:21:39.943177+02	3	Presence object (3)	2	[{"changed": {"fields": ["Porte"]}}]	9	1
8	2022-10-06 10:21:45.375578+02	4	Presence object (4)	2	[{"changed": {"fields": ["Porte"]}}]	9	1
9	2022-10-06 10:22:07.104461+02	3	Porte object (3)	2	[{"changed": {"fields": ["Users"]}}]	10	1
10	2022-10-06 10:22:16.918599+02	5	Presence object (5)	2	[{"changed": {"fields": ["Porte"]}}]	9	1
11	2022-10-08 18:52:50.41353+02	1	Room object (1)	1	[{"added": {}}]	14	1
12	2022-10-08 19:08:15.822969+02	1	Room object (1)	3		14	1
13	2022-10-08 19:14:33.785608+02	2	Room object (2)	1	[{"added": {}}]	14	1
14	2022-10-10 15:57:25.920272+02	29	Molka_Cherni_5_2022-10-04_21-57-04.png	3		11	1
15	2022-10-10 15:57:25.924345+02	28	Molka_Cherni_5_2022-10-04_21-57-04.png	3		11	1
16	2022-10-10 15:57:25.925407+02	27	Molka_Cherni_5_2022-10-04_21-57-04.png	3		11	1
17	2022-10-10 15:57:25.926394+02	26	Molka_Cherni_5_2022-10-04_21-57-03.png	3		11	1
18	2022-10-10 15:57:25.927442+02	25	Molka_Cherni_5_2022-10-04_21-57-03.png	3		11	1
19	2022-10-10 15:57:25.928452+02	24	Molka_Cherni_5_2022-10-04_21-57-03.png	3		11	1
20	2022-10-10 15:57:25.9296+02	23	Molka_Cherni_5_2022-10-04_21-57-03.png	3		11	1
21	2022-10-10 15:57:25.930505+02	22	Molka_Cherni_5_2022-10-04_21-57-03.png	3		11	1
22	2022-10-10 15:57:25.931362+02	21	Molka_Cherni_5_2022-10-04_21-57-03.png	3		11	1
23	2022-10-10 15:57:25.932244+02	20	Molka_Cherni_5_2022-10-04_21-57-02.png	3		11	1
24	2022-10-10 15:57:25.933116+02	19	Molka_Cherni_5_2022-10-04_21-57-02.png	3		11	1
25	2022-10-10 15:57:25.933985+02	18	Molka_Cherni_5_2022-10-04_21-57-02.png	3		11	1
26	2022-10-10 15:57:25.934849+02	17	Molka_Cherni_5_2022-10-04_21-57-02.png	3		11	1
27	2022-10-10 15:57:25.936014+02	16	Molka_Cherni_5_2022-10-04_21-57-01.png	3		11	1
28	2022-10-10 15:57:25.937171+02	15	Molka_Cherni_5_2022-10-04_21-57-01.png	3		11	1
29	2022-10-10 15:57:25.938325+02	14	Molka_Cherni_5_2022-10-04_21-57-00.png	3		11	1
30	2022-10-10 15:57:25.939491+02	13	Molka_Cherni_5_2022-10-04_21-57-00.png	3		11	1
31	2022-10-10 15:57:25.940363+02	12	Molka_Cherni_5_2022-10-04_21-56-55.png	3		11	1
32	2022-10-10 15:57:25.941368+02	11	Molka_Cherni_2_2022-10-03_01-06-42.png	3		11	1
33	2022-10-10 15:57:25.942468+02	10	Molka_Cherni_2_2022-10-03_01-06-41.png	3		11	1
34	2022-10-10 15:57:25.943806+02	9	Molka_Cherni_2_2022-10-03_01-06-39.png	3		11	1
35	2022-10-10 15:57:25.945074+02	8	Molka_Cherni_2_2022-10-03_01-06-38.png	3		11	1
36	2022-10-10 15:57:25.946337+02	7	Molka_Cherni_2_2022-10-03_01-06-36.png	3		11	1
37	2022-10-10 15:57:25.947409+02	6	Molka_Cherni_2_2022-10-03_01-06-34.png	3		11	1
38	2022-10-10 15:57:25.948428+02	5	Molka_Cherni_2_2022-10-03_01-06-32.png	3		11	1
39	2022-10-10 15:57:25.949385+02	4	Molka_Cherni_2_2022-10-03_01-06-31.png	3		11	1
40	2022-10-10 15:57:25.950334+02	3	Molka_Cherni_2_2022-10-03_01-06-29.png	3		11	1
41	2022-10-10 15:57:25.951292+02	2	Molka_Cherni_2_2022-10-03_01-06-26.png	3		11	1
42	2022-10-10 15:57:25.952225+02	1	Molka_Cherni_2_2022-10-03_01-06-20.png	3		11	1
43	2022-10-11 00:20:29.535932+02	32	Message object (32)	3		15	1
44	2022-10-11 01:04:12.031218+02	3	Room object (3)	1	[{"added": {}}]	14	1
\.


--
-- Data for Name: django_content_type; Type: TABLE DATA; Schema: public; Owner: postgres
--

COPY public.django_content_type (id, app_label, model) FROM stdin;
1	admin	logentry
2	auth	permission
3	auth	group
4	contenttypes	contenttype
5	sessions	session
6	user	user
7	pointage	departement
8	pointage	presenceday
9	pointage	presence
10	pointage	porte
11	pointage	picturepointage
12	pointage	materiel
13	pointage	datasetpics
14	chat	room
15	chat	message
16	token_blacklist	blacklistedtoken
17	token_blacklist	outstandingtoken
\.


--
-- Data for Name: django_migrations; Type: TABLE DATA; Schema: public; Owner: postgres
--

COPY public.django_migrations (id, app, name, applied) FROM stdin;
1	user	0001_initial	2022-10-03 01:04:47.025606+02
2	contenttypes	0001_initial	2022-10-03 01:04:47.034532+02
3	admin	0001_initial	2022-10-03 01:04:47.051402+02
4	admin	0002_logentry_remove_auto_add	2022-10-03 01:04:47.056972+02
5	admin	0003_logentry_add_action_flag_choices	2022-10-03 01:04:47.062606+02
6	contenttypes	0002_remove_content_type_name	2022-10-03 01:04:47.075524+02
7	auth	0001_initial	2022-10-03 01:04:47.117117+02
8	auth	0002_alter_permission_name_max_length	2022-10-03 01:04:47.12556+02
9	auth	0003_alter_user_email_max_length	2022-10-03 01:04:47.133567+02
10	auth	0004_alter_user_username_opts	2022-10-03 01:04:47.141961+02
11	auth	0005_alter_user_last_login_null	2022-10-03 01:04:47.149414+02
12	auth	0006_require_contenttypes_0002	2022-10-03 01:04:47.151507+02
13	auth	0007_alter_validators_add_error_messages	2022-10-03 01:04:47.158006+02
14	auth	0008_alter_user_username_max_length	2022-10-03 01:04:47.165124+02
15	auth	0009_alter_user_last_name_max_length	2022-10-03 01:04:47.17196+02
16	auth	0010_alter_group_name_max_length	2022-10-03 01:04:47.18217+02
17	auth	0011_update_proxy_permissions	2022-10-03 01:04:47.191234+02
18	auth	0012_alter_user_first_name_max_length	2022-10-03 01:04:47.199247+02
19	chat	0001_initial	2022-10-03 01:04:47.238473+02
20	pointage	0001_initial	2022-10-03 01:04:47.37324+02
21	sessions	0001_initial	2022-10-03 01:04:47.382016+02
22	token_blacklist	0001_initial	2022-10-03 01:04:47.437196+02
23	token_blacklist	0002_outstandingtoken_jti_hex	2022-10-03 01:04:47.452417+02
24	token_blacklist	0003_auto_20171017_2007	2022-10-03 01:04:47.478272+02
25	token_blacklist	0004_auto_20171017_2013	2022-10-03 01:04:47.496029+02
26	token_blacklist	0005_remove_outstandingtoken_jti	2022-10-03 01:04:47.514327+02
27	token_blacklist	0006_auto_20171017_2113	2022-10-03 01:04:47.529685+02
28	token_blacklist	0007_auto_20171017_2214	2022-10-03 01:04:47.57109+02
29	token_blacklist	0008_migrate_to_bigautofield	2022-10-03 01:04:47.615758+02
30	token_blacklist	0010_fix_migrate_to_bigautofield	2022-10-03 01:04:47.641245+02
31	token_blacklist	0011_linearizes_history	2022-10-03 01:04:47.643411+02
32	token_blacklist	0012_alter_outstandingtoken_user	2022-10-03 01:04:47.663398+02
33	pointage	0002_presenceday_is_late_presenceday_late_time	2022-10-03 01:21:08.137029+02
34	pointage	0003_porte_is_open	2022-10-03 22:29:02.785661+02
35	pointage	0004_alter_materiel_porte	2022-10-04 21:34:40.49874+02
36	pointage	0005_presence_porte	2022-10-06 10:06:42.070037+02
37	pointage	0006_alter_presence_porte	2022-10-06 10:21:23.277265+02
38	chat	0002_rename_user_room_users	2022-10-11 00:15:09.317876+02
\.


--
-- Data for Name: django_session; Type: TABLE DATA; Schema: public; Owner: postgres
--

COPY public.django_session (session_key, session_data, expire_date) FROM stdin;
ci9w9t7jxsrix7tuq3p7iwkvhfacozef	.eJxVjMEOwiAQRP-FsyFFCls8evcbyLK7SNWUpLQn47_bJj3oZQ7z3sxbRVyXEtcmcxxZXZRRp98uIT1l2gE_cLpXTXVa5jHpXdEHbfpWWV7Xw_07KNjKtgYGl733Np07syWQSThkF8RmxB4kM4tlCR0xszPiB2tEApCX3gOpzxf5HTjZ:1offUj:vWg88pEf9LvydN44YGnRc7s2hKOU2BUHhtXmHZa5oLY	2022-10-18 12:49:49.36153+02
\.


--
-- Data for Name: pointage_datasetpics; Type: TABLE DATA; Schema: public; Owner: postgres
--

COPY public.pointage_datasetpics (id, picture_1, picture_2, picture_3, picture_4, picture_5, picture_6, picture_7, picture_8, picture_9, picture_10, user_id) FROM stdin;
\.


--
-- Data for Name: pointage_departement; Type: TABLE DATA; Schema: public; Owner: postgres
--

COPY public.pointage_departement (id, name, is_deleted) FROM stdin;
1	Test	t
5	Dep 4	f
2	Dep 1	f
4	Dep 3	f
3	Dep 2	f
\.


--
-- Data for Name: pointage_departement_users; Type: TABLE DATA; Schema: public; Owner: postgres
--

COPY public.pointage_departement_users (id, departement_id, user_id) FROM stdin;
1	2	3
2	2	4
3	3	3
6	4	4
7	3	2
8	3	5
\.


--
-- Data for Name: pointage_materiel; Type: TABLE DATA; Schema: public; Owner: postgres
--

COPY public.pointage_materiel (id, reference, emplacement, etat, is_deleted, porte_id) FROM stdin;
1	554545	Test	t	f	1
\.


--
-- Data for Name: pointage_picturepointage; Type: TABLE DATA; Schema: public; Owner: postgres
--

COPY public.pointage_picturepointage (id, pic_name, user_id) FROM stdin;
30	Molka_Cherni_2_2022-10-10_15-58-25.png	2
31	Molka_Cherni_2_2022-10-10_15-58-26.png	2
32	Molka_Cherni_2_2022-10-10_15-58-28.png	2
33	Molka_Cherni_2_2022-10-10_15-58-29.png	2
34	Molka_Cherni_2_2022-10-10_15-58-30.png	2
35	Molka_Cherni_2_2022-10-10_15-58-31.png	2
36	Molka_Cherni_2_2022-10-10_15-58-32.png	2
37	Molka_Cherni_2_2022-10-10_15-58-33.png	2
38	Molka_Cherni_2_2022-10-10_15-58-34.png	2
39	Molka_Cherni_2_2022-10-10_15-58-35.png	2
40	Molka_Cherni_2_2022-10-10_15-58-36.png	2
41	Molka_Cherni_2_2022-10-10_15-58-37.png	2
42	Molka_Cherni_2_2022-10-10_15-58-38.png	2
43	Molka_Cherni_2_2022-10-10_15-58-39.png	2
44	Molka_Cherni_4_2022-10-10_15-59-23.png	4
45	Molka_Cherni_4_2022-10-10_15-59-24.png	4
46	Molka_Cherni_4_2022-10-10_15-59-25.png	4
47	Molka_Cherni_4_2022-10-10_15-59-29.png	4
48	Molka_Cherni_4_2022-10-10_15-59-30.png	4
49	Molka_Cherni_4_2022-10-10_15-59-31.png	4
50	Molka_Cherni_4_2022-10-10_15-59-31.png	4
51	Molka_Cherni_4_2022-10-10_15-59-32.png	4
52	Molka_Cherni_4_2022-10-10_15-59-32.png	4
53	Molka_Cherni_4_2022-10-10_15-59-33.png	4
54	Molka_Cherni_4_2022-10-10_15-59-34.png	4
55	Molka_Cherni_4_2022-10-10_15-59-34.png	4
56	Molka_Cherni_4_2022-10-10_15-59-35.png	4
57	Molka_Cherni_4_2022-10-10_15-59-35.png	4
58	Molka_Cherni_4_2022-10-10_15-59-36.png	4
59	Molka_Cherni_4_2022-10-10_15-59-36.png	4
60	Molka_Cherni_4_2022-10-10_15-59-36.png	4
61	Molka_Cherni_4_2022-10-10_15-59-37.png	4
62	Molka_Cherni_4_2022-10-10_15-59-38.png	4
63	Molka_Cherni_4_2022-10-10_15-59-39.png	4
\.


--
-- Data for Name: pointage_porte; Type: TABLE DATA; Schema: public; Owner: postgres
--

COPY public.pointage_porte (id, name, is_deleted, departement_id, is_open) FROM stdin;
1	Test Door	f	2	t
2	Another door	f	4	f
3	Test door	f	5	f
\.


--
-- Data for Name: pointage_porte_users; Type: TABLE DATA; Schema: public; Owner: postgres
--

COPY public.pointage_porte_users (id, porte_id, user_id) FROM stdin;
1	1	2
4	1	3
5	1	4
9	1	1
10	1	5
15	2	2
16	2	4
17	2	5
18	3	1
19	3	2
20	3	3
\.


--
-- Data for Name: pointage_presence; Type: TABLE DATA; Schema: public; Owner: postgres
--

COPY public.pointage_presence (id, heure_debut, heure_fin, presence_day_id, porte_id) FROM stdin;
1	23:08:57	23:09:08	1	2
2	23:09:22	23:09:36	1	2
3	23:09:48	23:09:58	1	2
4	23:10:16	23:10:31	1	2
5	20:21:23	20:36:16	2	3
6	08:30:44.770587	\N	3	1
7	14:14:34.755032	14:15:36.476255	4	2
\.


--
-- Data for Name: pointage_presenceday; Type: TABLE DATA; Schema: public; Owner: postgres
--

COPY public.pointage_presenceday (id, date, present, early_leaving, early_leaving_time, overtime, overtime_time, total_rest, user_id, is_late, late_time) FROM stdin;
1	2022-10-02	t	f	0.00	t	0.01	0.01	2	t	15.15
2	2022-10-04	t	f	0.00	t	0.25	0.25	2	t	12.36
3	2022-10-06	f	f	\N	f	\N	\N	2	f	\N
4	2022-10-10	f	f	\N	f	\N	\N	4	f	\N
\.


--
-- Data for Name: token_blacklist_blacklistedtoken; Type: TABLE DATA; Schema: public; Owner: postgres
--

COPY public.token_blacklist_blacklistedtoken (id, blacklisted_at, token_id) FROM stdin;
\.


--
-- Data for Name: token_blacklist_outstandingtoken; Type: TABLE DATA; Schema: public; Owner: postgres
--

COPY public.token_blacklist_outstandingtoken (id, token, created_at, expires_at, user_id, jti) FROM stdin;
1	eyJhbGciOiJIUzI1NiIsInR5cCI6IkpXVCJ9.eyJ0b2tlbl90eXBlIjoicmVmcmVzaCIsImV4cCI6MTY2NDk2MDk1MCwiaWF0IjoxNjY0ODc0NTUwLCJqdGkiOiIwN2I4Njc1M2ZkYzE0MTNmOGFjZjZhZDk1MjY1NzJkMyIsInVzZXJfaWQiOjF9.t5sA32k7ljLLJbzuMVgpmfSnCaHr52P8lCngSLmZ-v8	2022-10-04 11:09:10.072801+02	2022-10-05 11:09:10+02	1	07b86753fdc1413f8acf6ad9526572d3
2	eyJhbGciOiJIUzI1NiIsInR5cCI6IkpXVCJ9.eyJ0b2tlbl90eXBlIjoicmVmcmVzaCIsImV4cCI6MTY2NDk2MDk1MCwiaWF0IjoxNjY0ODc0NTUwLCJqdGkiOiJhMzEzOTI2Nzc3MWI0MWJhYTQ2NjRjNTAzZDY5ZDEyMSIsInVzZXJfaWQiOjF9.46_4sKpiU8jQqMqawj86TdlL8Tc6RwKpeqIDcH09gUI	2022-10-04 11:09:10.105243+02	2022-10-05 11:09:10+02	1	a3139267771b41baa4664c503d69d121
3	eyJhbGciOiJIUzI1NiIsInR5cCI6IkpXVCJ9.eyJ0b2tlbl90eXBlIjoicmVmcmVzaCIsImV4cCI6MTY2NTEzMjI4NCwiaWF0IjoxNjY1MDQ1ODg0LCJqdGkiOiIxNDk4OTQxYzBhZjg0NTNjYmY5ZjNjYWY4MTg0ZTM3OSIsInVzZXJfaWQiOjF9.Ef4njoPVqasf4xpqr8Y6bj7a4sav-iu3QZS7hL2fG3o	2022-10-06 10:44:44.626496+02	2022-10-07 10:44:44+02	1	1498941c0af8453cbf9f3caf8184e379
4	eyJhbGciOiJIUzI1NiIsInR5cCI6IkpXVCJ9.eyJ0b2tlbl90eXBlIjoicmVmcmVzaCIsImV4cCI6MTY2NTEzMjI4NCwiaWF0IjoxNjY1MDQ1ODg0LCJqdGkiOiI3MWNlYTIyNjZiMGE0MmEyYTM4ODY2OTQ1N2I4MzdkOCIsInVzZXJfaWQiOjF9.ba6jN3Ni2JNCr7IzR51Jb4ngTrq2JoN5s5nDn-Yw4Do	2022-10-06 10:44:44.640306+02	2022-10-07 10:44:44+02	1	71cea2266b0a42a2a388669457b837d8
5	eyJhbGciOiJIUzI1NiIsInR5cCI6IkpXVCJ9.eyJ0b2tlbl90eXBlIjoicmVmcmVzaCIsImV4cCI6MTY2NTEzMjgyNywiaWF0IjoxNjY1MDQ2NDI3LCJqdGkiOiIxMDNjMmFjNjI3MDA0YjcyYjkxNDc1MmZmM2E0Yzk5NSIsInVzZXJfaWQiOjF9.TdnuQHMcf5eNK9qJbieWYWpAas5nU5USpLi6z5FcoyU	2022-10-06 10:53:47.468141+02	2022-10-07 10:53:47+02	1	103c2ac627004b72b914752ff3a4c995
6	eyJhbGciOiJIUzI1NiIsInR5cCI6IkpXVCJ9.eyJ0b2tlbl90eXBlIjoicmVmcmVzaCIsImV4cCI6MTY2NTEzMjgyNywiaWF0IjoxNjY1MDQ2NDI3LCJqdGkiOiIwMzFkNjk2NjNjOGM0NTAyYWRkYzlkZWZmOTA1YTEzNCIsInVzZXJfaWQiOjF9.0MXKhRZXsZ-Z9gieMYuNcBhVKBCAg7IvntARY8NvRdc	2022-10-06 10:53:47.47129+02	2022-10-07 10:53:47+02	1	031d69663c8c4502addc9deff905a134
7	eyJhbGciOiJIUzI1NiIsInR5cCI6IkpXVCJ9.eyJ0b2tlbl90eXBlIjoicmVmcmVzaCIsImV4cCI6MTY2NTE2ODU0MywiaWF0IjoxNjY1MDgyMTQzLCJqdGkiOiJiYmE4MTNkZTdiNzE0MmViYmFiNmJiM2E5NTVmNzc0NiIsInVzZXJfaWQiOjF9.UaByL9dcXRHEW_G5cZuZg2jzqc1D1dld_cKPBTmSSeo	2022-10-06 20:49:03.536629+02	2022-10-07 20:49:03+02	1	bba813de7b7142ebbab6bb3a955f7746
8	eyJhbGciOiJIUzI1NiIsInR5cCI6IkpXVCJ9.eyJ0b2tlbl90eXBlIjoicmVmcmVzaCIsImV4cCI6MTY2NTE2ODU0MywiaWF0IjoxNjY1MDgyMTQzLCJqdGkiOiIwM2Y4YjMzYjYzY2I0YTExOWI2YTJmYjFmZWM4MzA5NSIsInVzZXJfaWQiOjF9.pUrFiM3Ur1jmhM2TCIlgJvYV0ZrccvgReknBfaemk00	2022-10-06 20:49:03.563906+02	2022-10-07 20:49:03+02	1	03f8b33b63cb4a119b6a2fb1fec83095
9	eyJhbGciOiJIUzI1NiIsInR5cCI6IkpXVCJ9.eyJ0b2tlbl90eXBlIjoicmVmcmVzaCIsImV4cCI6MTY2NTE2ODY1MiwiaWF0IjoxNjY1MDgyMjUyLCJqdGkiOiIzMTQ0YWI2ZTRmOTY0MjllOTk3M2VhMmNiOWVkOWM2NyIsInVzZXJfaWQiOjN9.nobH9yP-MM6yEQss4eUCFapaOWjkx2CqHflH4awTVMk	2022-10-06 20:50:52.560352+02	2022-10-07 20:50:52+02	3	3144ab6e4f96429e9973ea2cb9ed9c67
10	eyJhbGciOiJIUzI1NiIsInR5cCI6IkpXVCJ9.eyJ0b2tlbl90eXBlIjoicmVmcmVzaCIsImV4cCI6MTY2NTE2ODY1MiwiaWF0IjoxNjY1MDgyMjUyLCJqdGkiOiIzNmI2M2I4YjlkNjU0NjZhOWNmN2QyZDY5YTBjY2Q5MSIsInVzZXJfaWQiOjN9.JVE19AgJov8HQXlcXip1_Ma2JrnXpcSD_UugoIKflbs	2022-10-06 20:50:52.5626+02	2022-10-07 20:50:52+02	3	36b63b8b9d65466a9cf7d2d69a0ccd91
11	eyJhbGciOiJIUzI1NiIsInR5cCI6IkpXVCJ9.eyJ0b2tlbl90eXBlIjoicmVmcmVzaCIsImV4cCI6MTY2NTE2ODg1NCwiaWF0IjoxNjY1MDgyNDU0LCJqdGkiOiIyMTQ5YWQ2ZWI5MTY0YzJhOWUzZGNhNTE0NWMxZjA4YiIsInVzZXJfaWQiOjF9.TzqZ6rWomWWVgYMpfzN70XLGWIG4trQnFdCG0DYg2u8	2022-10-06 20:54:14.975141+02	2022-10-07 20:54:14+02	1	2149ad6eb9164c2a9e3dca5145c1f08b
12	eyJhbGciOiJIUzI1NiIsInR5cCI6IkpXVCJ9.eyJ0b2tlbl90eXBlIjoicmVmcmVzaCIsImV4cCI6MTY2NTE2ODg1NCwiaWF0IjoxNjY1MDgyNDU0LCJqdGkiOiJjNTZiY2RhM2M5Yjk0MGFmYmRiM2FjZWJmOThjMTljZSIsInVzZXJfaWQiOjF9.n3h3QUA9Crjb9_SUJLk2ZxNiwEoQvOUmSsxyGYZJgc0	2022-10-06 20:54:14.977692+02	2022-10-07 20:54:14+02	1	c56bcda3c9b940afbdb3acebf98c19ce
13	eyJhbGciOiJIUzI1NiIsInR5cCI6IkpXVCJ9.eyJ0b2tlbl90eXBlIjoicmVmcmVzaCIsImV4cCI6MTY2NTE2ODkyMywiaWF0IjoxNjY1MDgyNTIzLCJqdGkiOiI1ZTdjMDE4NzE3YTc0OWY1OGJlYTZkNjJiM2MwYzY4MiIsInVzZXJfaWQiOjZ9.obmVdoWZD6drBbjqcbyVFXOBgXkRs36F0RMxedYLhpU	2022-10-06 20:55:23.071169+02	2022-10-07 20:55:23+02	6	5e7c018717a749f58bea6d62b3c0c682
14	eyJhbGciOiJIUzI1NiIsInR5cCI6IkpXVCJ9.eyJ0b2tlbl90eXBlIjoicmVmcmVzaCIsImV4cCI6MTY2NTE2ODkyMywiaWF0IjoxNjY1MDgyNTIzLCJqdGkiOiJjNzhjZmY0ZDBkNGQ0MmUxODU0MGI2YmUxN2EzMDg3NiIsInVzZXJfaWQiOjZ9._FxzeMywN86IDRiECrHh63C1-2NK5Ui1Y-oY78HfXS4	2022-10-06 20:55:23.073463+02	2022-10-07 20:55:23+02	6	c78cff4d0d4d42e18540b6be17a30876
15	eyJhbGciOiJIUzI1NiIsInR5cCI6IkpXVCJ9.eyJ0b2tlbl90eXBlIjoicmVmcmVzaCIsImV4cCI6MTY2NTE2OTEwMywiaWF0IjoxNjY1MDgyNzAzLCJqdGkiOiIxOWJjMmYzYjQxYTI0ZjljOWUyOGQ1NzAwNTIyMzYyNiIsInVzZXJfaWQiOjN9.2PCDmylNiS66prlfikRUKU3q8Jda_LJWqqSt3Yg55o0	2022-10-06 20:58:23.247708+02	2022-10-07 20:58:23+02	3	19bc2f3b41a24f9c9e28d57005223626
16	eyJhbGciOiJIUzI1NiIsInR5cCI6IkpXVCJ9.eyJ0b2tlbl90eXBlIjoicmVmcmVzaCIsImV4cCI6MTY2NTE2OTEwMywiaWF0IjoxNjY1MDgyNzAzLCJqdGkiOiIwOTEwYWU4MWEyOTI0YTA4ODEyYTBlNWJjMWEwYmY1NSIsInVzZXJfaWQiOjN9.0ScFu_ifbz3MLHmdG92O0_ZHzUPdIwlju7GzEW1AnGc	2022-10-06 20:58:23.25046+02	2022-10-07 20:58:23+02	3	0910ae81a2924a08812a0e5bc1a0bf55
17	eyJhbGciOiJIUzI1NiIsInR5cCI6IkpXVCJ9.eyJ0b2tlbl90eXBlIjoicmVmcmVzaCIsImV4cCI6MTY2NTE2OTExNiwiaWF0IjoxNjY1MDgyNzE2LCJqdGkiOiI5NGNlZTBjYzk4YjM0MDBlOGJkNTExMjQ5OWYxNTFjMCIsInVzZXJfaWQiOjZ9.SmMstceQf7PMEBRMrkLz_yceD7_c1bNv4czcajqgtf4	2022-10-06 20:58:36.388525+02	2022-10-07 20:58:36+02	6	94cee0cc98b3400e8bd5112499f151c0
18	eyJhbGciOiJIUzI1NiIsInR5cCI6IkpXVCJ9.eyJ0b2tlbl90eXBlIjoicmVmcmVzaCIsImV4cCI6MTY2NTE2OTExNiwiaWF0IjoxNjY1MDgyNzE2LCJqdGkiOiIyZjMxNmE0MjI3ZWE0MDA5OTgyOTUzODZjZGZjOWNjMiIsInVzZXJfaWQiOjZ9.0JeHgM3n8Pdkc8Ro9TEetNICLjMMV9gv8gDvL6qTQdw	2022-10-06 20:58:36.391113+02	2022-10-07 20:58:36+02	6	2f316a4227ea400998295386cdfc9cc2
19	eyJhbGciOiJIUzI1NiIsInR5cCI6IkpXVCJ9.eyJ0b2tlbl90eXBlIjoicmVmcmVzaCIsImV4cCI6MTY2NTMyOTMyOSwiaWF0IjoxNjY1MjQyOTI5LCJqdGkiOiJmMDdlODY2ZWZkMzU0OWRhYmMwMzUyNWU2MDRjODBiZCIsInVzZXJfaWQiOjF9.oyzGn7kDKOn7fn7eK--6izKZydVucSxAFkmHiJgJF7I	2022-10-08 17:28:49.683486+02	2022-10-09 17:28:49+02	1	f07e866efd3549dabc03525e604c80bd
20	eyJhbGciOiJIUzI1NiIsInR5cCI6IkpXVCJ9.eyJ0b2tlbl90eXBlIjoicmVmcmVzaCIsImV4cCI6MTY2NTMyOTMyOSwiaWF0IjoxNjY1MjQyOTI5LCJqdGkiOiI0NTMzZGU1YmE1YzE0NzVjYTBlM2YzMzk1MDBmYTFiNiIsInVzZXJfaWQiOjF9.KxThT14ZswVRsFu1HYeSK7x0t--F5bEEFnw2wonImRQ	2022-10-08 17:28:49.708923+02	2022-10-09 17:28:49+02	1	4533de5ba5c1475ca0e3f339500fa1b6
21	eyJhbGciOiJIUzI1NiIsInR5cCI6IkpXVCJ9.eyJ0b2tlbl90eXBlIjoicmVmcmVzaCIsImV4cCI6MTY2NTMyOTU5MiwiaWF0IjoxNjY1MjQzMTkyLCJqdGkiOiJhYzRkZTE3YmE4NjM0ZDZmYjU0NTQyZjI0NjI1MTI3MSIsInVzZXJfaWQiOjF9.WRU35BXEjaNCTAjXKSyu5pQ_IcNQUBLrJxPZjetudXs	2022-10-08 17:33:12.369694+02	2022-10-09 17:33:12+02	1	ac4de17ba8634d6fb54542f246251271
22	eyJhbGciOiJIUzI1NiIsInR5cCI6IkpXVCJ9.eyJ0b2tlbl90eXBlIjoicmVmcmVzaCIsImV4cCI6MTY2NTMyOTU5MiwiaWF0IjoxNjY1MjQzMTkyLCJqdGkiOiI1NGFhNmM3ODExYzk0ZjQyOGNjYmY1M2Y2ODI1Nzk4YiIsInVzZXJfaWQiOjF9.iF6G_6-hdHuXa8LCHen6bg_NWW0hZBsJDudxXJon2j8	2022-10-08 17:33:12.372367+02	2022-10-09 17:33:12+02	1	54aa6c7811c94f428ccbf53f6825798b
23	eyJhbGciOiJIUzI1NiIsInR5cCI6IkpXVCJ9.eyJ0b2tlbl90eXBlIjoicmVmcmVzaCIsImV4cCI6MTY2NTMyOTYyNCwiaWF0IjoxNjY1MjQzMjI0LCJqdGkiOiI1YmYzM2YwN2FjYjg0MjBkODhiNDI1NWVmNjBmOTIwMSIsInVzZXJfaWQiOjV9.zRwhN5KDvV6aqm4clqQxQcFQie3M5AGIuK2yK_GDBd8	2022-10-08 17:33:44.449065+02	2022-10-09 17:33:44+02	5	5bf33f07acb8420d88b4255ef60f9201
24	eyJhbGciOiJIUzI1NiIsInR5cCI6IkpXVCJ9.eyJ0b2tlbl90eXBlIjoicmVmcmVzaCIsImV4cCI6MTY2NTMyOTYyNCwiaWF0IjoxNjY1MjQzMjI0LCJqdGkiOiI4OGExMWVhN2Q5MzU0YjIzOWYxODIzNjczOWU2YTQxZSIsInVzZXJfaWQiOjV9.hXhyXcA-8dHZUg0AiHVv5Ut696868PGwjPodR8FimOM	2022-10-08 17:33:44.452197+02	2022-10-09 17:33:44+02	5	88a11ea7d9354b239f18236739e6a41e
25	eyJhbGciOiJIUzI1NiIsInR5cCI6IkpXVCJ9.eyJ0b2tlbl90eXBlIjoicmVmcmVzaCIsImV4cCI6MTY2NTMyOTYzOSwiaWF0IjoxNjY1MjQzMjM5LCJqdGkiOiIwZTY5MzFiOTdjZTc0ZTc3YjQ2YzZiMjVhMTNmYWZhZCIsInVzZXJfaWQiOjV9.BHdwhrt9gawGbm8VfuTpGwsNXvl39K1lEkUhxQZAUyI	2022-10-08 17:33:59.269988+02	2022-10-09 17:33:59+02	5	0e6931b97ce74e77b46c6b25a13fafad
26	eyJhbGciOiJIUzI1NiIsInR5cCI6IkpXVCJ9.eyJ0b2tlbl90eXBlIjoicmVmcmVzaCIsImV4cCI6MTY2NTMyOTYzOSwiaWF0IjoxNjY1MjQzMjM5LCJqdGkiOiI4ODEyYmEyMTYzN2Q0OTY3YjJmYzQ0NWUyYmYzMTc1MSIsInVzZXJfaWQiOjV9.UqD74FM9hz8f5YKx1PxjXe_i_4ZXOwVP4nF5CXt9dQQ	2022-10-08 17:33:59.273901+02	2022-10-09 17:33:59+02	5	8812ba21637d4967b2fc445e2bf31751
27	eyJhbGciOiJIUzI1NiIsInR5cCI6IkpXVCJ9.eyJ0b2tlbl90eXBlIjoicmVmcmVzaCIsImV4cCI6MTY2NTM1NjcwOCwiaWF0IjoxNjY1MjcwMzA4LCJqdGkiOiIyOTYyY2UyZWYwMzE0MzY3YjBiNGE0NTYxNzE0NmEwNyIsInVzZXJfaWQiOjV9.amD4iPzi--bIkO-IlZrnTjr2IpPpug4qfAhUAjPLTUE	2022-10-09 01:05:08.246005+02	2022-10-10 01:05:08+02	5	2962ce2ef0314367b0b4a45617146a07
28	eyJhbGciOiJIUzI1NiIsInR5cCI6IkpXVCJ9.eyJ0b2tlbl90eXBlIjoicmVmcmVzaCIsImV4cCI6MTY2NTM1NjcwOCwiaWF0IjoxNjY1MjcwMzA4LCJqdGkiOiJkODg5ZmI0ZTZiNjI0ZWFjODJmYWExZTAzNzM3MjJiYyIsInVzZXJfaWQiOjV9.4FV64dnBxqkKkUeKkZ6IUXUx9dJUQl6hdDHsADTdcnQ	2022-10-09 01:05:08.262504+02	2022-10-10 01:05:08+02	5	d889fb4e6b624eac82faa1e0373722bc
29	eyJhbGciOiJIUzI1NiIsInR5cCI6IkpXVCJ9.eyJ0b2tlbl90eXBlIjoicmVmcmVzaCIsImV4cCI6MTY2NTM2MTIzMCwiaWF0IjoxNjY1Mjc0ODMwLCJqdGkiOiIwNjc4Y2U0YjUxNTU0MjlmOTc4ZWExMzgwNWVkNzE3ZiIsInVzZXJfaWQiOjF9.kEOQGzfAeFQvbF8pA6K00NdurzZvx14ZcRtpNWppH0w	2022-10-09 02:20:30.204543+02	2022-10-10 02:20:30+02	1	0678ce4b5155429f978ea13805ed717f
30	eyJhbGciOiJIUzI1NiIsInR5cCI6IkpXVCJ9.eyJ0b2tlbl90eXBlIjoicmVmcmVzaCIsImV4cCI6MTY2NTM2MTIzMCwiaWF0IjoxNjY1Mjc0ODMwLCJqdGkiOiJlMmM0NDIzZTYwYmQ0YWY5ODg4YWVkZTM4NTUzMTBlMyIsInVzZXJfaWQiOjF9.TArwOhCdUb0jyu6MWiL9Zj2qnvRsiGg0dOXtz1rpBDE	2022-10-09 02:20:30.21812+02	2022-10-10 02:20:30+02	1	e2c4423e60bd4af9888aede3855310e3
31	eyJhbGciOiJIUzI1NiIsInR5cCI6IkpXVCJ9.eyJ0b2tlbl90eXBlIjoicmVmcmVzaCIsImV4cCI6MTY2NTQ5NTY3MSwiaWF0IjoxNjY1NDA5MjcxLCJqdGkiOiI0NDQ4NzZkM2U2Zjc0MTdiYjI5OWRlMjUzMDc1NTAwMCIsInVzZXJfaWQiOjF9.PHeTmOFxVAc2U3HR4iKl1f2PHUSrXfZeQfMsmoXgkPI	2022-10-10 15:41:11.124604+02	2022-10-11 15:41:11+02	1	444876d3e6f7417bb299de2530755000
32	eyJhbGciOiJIUzI1NiIsInR5cCI6IkpXVCJ9.eyJ0b2tlbl90eXBlIjoicmVmcmVzaCIsImV4cCI6MTY2NTQ5NTY3MSwiaWF0IjoxNjY1NDA5MjcxLCJqdGkiOiIzM2YyYTUxMDUyODY0NTZiYWFkZTYxZDZmNjhkZTZkYyIsInVzZXJfaWQiOjF9.jocEyYqedwagm867zk7tnI2Wh6HyOquWP1NwK6OBA4s	2022-10-10 15:41:11.142598+02	2022-10-11 15:41:11+02	1	33f2a5105286456baade61d6f68de6dc
33	eyJhbGciOiJIUzI1NiIsInR5cCI6IkpXVCJ9.eyJ0b2tlbl90eXBlIjoicmVmcmVzaCIsImV4cCI6MTY2NTUyODQyMCwiaWF0IjoxNjY1NDQyMDIwLCJqdGkiOiIzYzU1MjM2NDEwNDk0MDEzYTdhOWQ1MzY5YWU4N2MwZSIsInVzZXJfaWQiOjJ9.eP7w7-RaLzIPzQYq7gGNpcxSpBkkTEiXKEA70Jr_IH4	2022-10-11 00:47:00.059172+02	2022-10-12 00:47:00+02	2	3c55236410494013a7a9d5369ae87c0e
34	eyJhbGciOiJIUzI1NiIsInR5cCI6IkpXVCJ9.eyJ0b2tlbl90eXBlIjoicmVmcmVzaCIsImV4cCI6MTY2NTUyODQyMCwiaWF0IjoxNjY1NDQyMDIwLCJqdGkiOiI3ODIwMWQ4MGEyMzI0ZjNjYjQyMWNmN2RkNmEyOTFkNiIsInVzZXJfaWQiOjJ9.NoiSDlykrhrsWO7n6I4RUf1PLTUuadxpy_676Yope1Q	2022-10-11 00:47:00.084755+02	2022-10-12 00:47:00+02	2	78201d80a2324f3cb421cf7dd6a291d6
35	eyJhbGciOiJIUzI1NiIsInR5cCI6IkpXVCJ9.eyJ0b2tlbl90eXBlIjoicmVmcmVzaCIsImV4cCI6MTY2NTUyOTU3NSwiaWF0IjoxNjY1NDQzMTc1LCJqdGkiOiIwZjA5M2M2OWUxYmQ0NzFhYWZjODRjNzc3MTQzOTFjMyIsInVzZXJfaWQiOjN9.rcPOJlDFQNxCBguAO7nWGqFC3inGQi-_OtptTn3zF3Y	2022-10-11 01:06:15.389963+02	2022-10-12 01:06:15+02	3	0f093c69e1bd471aafc84c77714391c3
36	eyJhbGciOiJIUzI1NiIsInR5cCI6IkpXVCJ9.eyJ0b2tlbl90eXBlIjoicmVmcmVzaCIsImV4cCI6MTY2NTUyOTU3NSwiaWF0IjoxNjY1NDQzMTc1LCJqdGkiOiIwMzI3ODQ1NDlkZmM0ZjFhYmFlOTBmMzVjYzdlNzMwMyIsInVzZXJfaWQiOjN9.74o1SJPyDj8dG8Uwrwyt8nOUduY2cwcXNmgGbdAzaWU	2022-10-11 01:06:15.412063+02	2022-10-12 01:06:15+02	3	032784549dfc4f1abae90f35cc7e7303
\.


--
-- Data for Name: user_user; Type: TABLE DATA; Schema: public; Owner: postgres
--

COPY public.user_user (id, password, email, matricule, first_name, last_name, role, gender, date_of_birth, phone_number, address, post, last_login, picture, is_admin, is_staff, is_active, is_superuser, is_deleted) FROM stdin;
4	pbkdf2_sha256$390000$Uasluckh1HL7aifMQZFxyJ$JvpgJ/xmy8y5V8UY2zEZR5iYRJRFAovOHEYpODCY2HU=	test@mail.com	matr-504821	Molka	Cherni	3	M	1998-12-27	54534214	test	post	2022-10-03 01:05:42.487853+02		f	f	t	f	f
5	pbkdf2_sha256$390000$emWzCdLn5xGanUC7LouRnI$Sg5LcQpfnQpOsILwuljSXBMj//FO0g+JMKimYX/tTTg=	test3@mail.com	matr-5048218	Molka	Cherni	3	M	1998-12-27	54534294	test	post	2022-10-03 01:05:54.826464+02		f	f	t	f	f
2	pbkdf2_sha256$390000$cJ0JZoo7SgaSWDhzZbRkMI$cb7YpW5HTbQc5f4zGe2Kdy3evshoiHyv8QuBtdJsOaw=	test2@mail.com	matr-504f82	Molka	Cherni	3	M	1998-12-27	54535254	test	post	2022-10-03 15:48:22.047274+02	profile_pics/s_QvqVtrC.jpg	f	f	t	f	f
3	pbkdf2_sha256$390000$C7UER58PPsTNqLhP6KDRg4$fPsfG9mGpt7e18KFoLSO+0cs3edYPKeVPDQhxYiOyQA=	test1@mail.com	matr-50482	Molka	Cherni	3	M	1998-12-27	54534254	test	post	2022-10-04 10:44:28.900919+02		f	f	t	f	f
1	pbkdf2_sha256$390000$DWuGh0OrxvUFqSVXE5vK6s$G6VXMo+l/6E3PUi/d6lg1/9sMKi6qMora6tFLLZXoAU=	s@s.com	mat-15489	Admin	Cherni	1	F	2022-10-07	78787878	Addr	Maiores tenetur non	2022-10-06 20:48:49.661449+02	profile_pics/s_nxZZo4p.jpg	t	t	t	t	f
6	pbkdf2_sha256$390000$uSymRpQzRnVCLTtUHmAqWg$pbDmnpsx6EDC/kvKUZFI7aFqzD++UElZ4nJvFVYvvBY=	rh@mail.com	ge-er-5	Molka	Rh	2	F	2000-01-01	58585978	Addr	Maiores tenetur non	2022-10-06 20:55:12.185944+02		f	f	t	f	f
\.


--
-- Name: auth_group_id_seq; Type: SEQUENCE SET; Schema: public; Owner: postgres
--

SELECT pg_catalog.setval('public.auth_group_id_seq', 1, false);


--
-- Name: auth_group_permissions_id_seq; Type: SEQUENCE SET; Schema: public; Owner: postgres
--

SELECT pg_catalog.setval('public.auth_group_permissions_id_seq', 1, false);


--
-- Name: auth_permission_id_seq; Type: SEQUENCE SET; Schema: public; Owner: postgres
--

SELECT pg_catalog.setval('public.auth_permission_id_seq', 68, true);


--
-- Name: chat_message_id_seq; Type: SEQUENCE SET; Schema: public; Owner: postgres
--

SELECT pg_catalog.setval('public.chat_message_id_seq', 63, true);


--
-- Name: chat_room_id_seq; Type: SEQUENCE SET; Schema: public; Owner: postgres
--

SELECT pg_catalog.setval('public.chat_room_id_seq', 3, true);


--
-- Name: chat_room_user_id_seq; Type: SEQUENCE SET; Schema: public; Owner: postgres
--

SELECT pg_catalog.setval('public.chat_room_user_id_seq', 17, true);


--
-- Name: django_admin_log_id_seq; Type: SEQUENCE SET; Schema: public; Owner: postgres
--

SELECT pg_catalog.setval('public.django_admin_log_id_seq', 44, true);


--
-- Name: django_content_type_id_seq; Type: SEQUENCE SET; Schema: public; Owner: postgres
--

SELECT pg_catalog.setval('public.django_content_type_id_seq', 17, true);


--
-- Name: django_migrations_id_seq; Type: SEQUENCE SET; Schema: public; Owner: postgres
--

SELECT pg_catalog.setval('public.django_migrations_id_seq', 38, true);


--
-- Name: pointage_datasetpics_id_seq; Type: SEQUENCE SET; Schema: public; Owner: postgres
--

SELECT pg_catalog.setval('public.pointage_datasetpics_id_seq', 1, false);


--
-- Name: pointage_departement_id_seq; Type: SEQUENCE SET; Schema: public; Owner: postgres
--

SELECT pg_catalog.setval('public.pointage_departement_id_seq', 5, true);


--
-- Name: pointage_departement_users_id_seq; Type: SEQUENCE SET; Schema: public; Owner: postgres
--

SELECT pg_catalog.setval('public.pointage_departement_users_id_seq', 8, true);


--
-- Name: pointage_materiel_id_seq; Type: SEQUENCE SET; Schema: public; Owner: postgres
--

SELECT pg_catalog.setval('public.pointage_materiel_id_seq', 1, true);


--
-- Name: pointage_picturepointage_id_seq; Type: SEQUENCE SET; Schema: public; Owner: postgres
--

SELECT pg_catalog.setval('public.pointage_picturepointage_id_seq', 63, true);


--
-- Name: pointage_porte_id_seq; Type: SEQUENCE SET; Schema: public; Owner: postgres
--

SELECT pg_catalog.setval('public.pointage_porte_id_seq', 3, true);


--
-- Name: pointage_porte_users_id_seq; Type: SEQUENCE SET; Schema: public; Owner: postgres
--

SELECT pg_catalog.setval('public.pointage_porte_users_id_seq', 20, true);


--
-- Name: pointage_presence_id_seq; Type: SEQUENCE SET; Schema: public; Owner: postgres
--

SELECT pg_catalog.setval('public.pointage_presence_id_seq', 39, true);


--
-- Name: pointage_presenceday_id_seq; Type: SEQUENCE SET; Schema: public; Owner: postgres
--

SELECT pg_catalog.setval('public.pointage_presenceday_id_seq', 36, true);


--
-- Name: token_blacklist_blacklistedtoken_id_seq; Type: SEQUENCE SET; Schema: public; Owner: postgres
--

SELECT pg_catalog.setval('public.token_blacklist_blacklistedtoken_id_seq', 1, false);


--
-- Name: token_blacklist_outstandingtoken_id_seq; Type: SEQUENCE SET; Schema: public; Owner: postgres
--

SELECT pg_catalog.setval('public.token_blacklist_outstandingtoken_id_seq', 36, true);


--
-- Name: user_user_id_seq; Type: SEQUENCE SET; Schema: public; Owner: postgres
--

SELECT pg_catalog.setval('public.user_user_id_seq', 6, true);


--
-- Name: auth_group auth_group_name_key; Type: CONSTRAINT; Schema: public; Owner: postgres
--

ALTER TABLE ONLY public.auth_group
    ADD CONSTRAINT auth_group_name_key UNIQUE (name);


--
-- Name: auth_group_permissions auth_group_permissions_group_id_permission_id_0cd325b0_uniq; Type: CONSTRAINT; Schema: public; Owner: postgres
--

ALTER TABLE ONLY public.auth_group_permissions
    ADD CONSTRAINT auth_group_permissions_group_id_permission_id_0cd325b0_uniq UNIQUE (group_id, permission_id);


--
-- Name: auth_group_permissions auth_group_permissions_pkey; Type: CONSTRAINT; Schema: public; Owner: postgres
--

ALTER TABLE ONLY public.auth_group_permissions
    ADD CONSTRAINT auth_group_permissions_pkey PRIMARY KEY (id);


--
-- Name: auth_group auth_group_pkey; Type: CONSTRAINT; Schema: public; Owner: postgres
--

ALTER TABLE ONLY public.auth_group
    ADD CONSTRAINT auth_group_pkey PRIMARY KEY (id);


--
-- Name: auth_permission auth_permission_content_type_id_codename_01ab375a_uniq; Type: CONSTRAINT; Schema: public; Owner: postgres
--

ALTER TABLE ONLY public.auth_permission
    ADD CONSTRAINT auth_permission_content_type_id_codename_01ab375a_uniq UNIQUE (content_type_id, codename);


--
-- Name: auth_permission auth_permission_pkey; Type: CONSTRAINT; Schema: public; Owner: postgres
--

ALTER TABLE ONLY public.auth_permission
    ADD CONSTRAINT auth_permission_pkey PRIMARY KEY (id);


--
-- Name: chat_message chat_message_pkey; Type: CONSTRAINT; Schema: public; Owner: postgres
--

ALTER TABLE ONLY public.chat_message
    ADD CONSTRAINT chat_message_pkey PRIMARY KEY (id);


--
-- Name: chat_room chat_room_pkey; Type: CONSTRAINT; Schema: public; Owner: postgres
--

ALTER TABLE ONLY public.chat_room
    ADD CONSTRAINT chat_room_pkey PRIMARY KEY (id);


--
-- Name: chat_room_users chat_room_user_pkey; Type: CONSTRAINT; Schema: public; Owner: postgres
--

ALTER TABLE ONLY public.chat_room_users
    ADD CONSTRAINT chat_room_user_pkey PRIMARY KEY (id);


--
-- Name: chat_room_users chat_room_user_room_id_user_id_8de2233a_uniq; Type: CONSTRAINT; Schema: public; Owner: postgres
--

ALTER TABLE ONLY public.chat_room_users
    ADD CONSTRAINT chat_room_user_room_id_user_id_8de2233a_uniq UNIQUE (room_id, user_id);


--
-- Name: django_admin_log django_admin_log_pkey; Type: CONSTRAINT; Schema: public; Owner: postgres
--

ALTER TABLE ONLY public.django_admin_log
    ADD CONSTRAINT django_admin_log_pkey PRIMARY KEY (id);


--
-- Name: django_content_type django_content_type_app_label_model_76bd3d3b_uniq; Type: CONSTRAINT; Schema: public; Owner: postgres
--

ALTER TABLE ONLY public.django_content_type
    ADD CONSTRAINT django_content_type_app_label_model_76bd3d3b_uniq UNIQUE (app_label, model);


--
-- Name: django_content_type django_content_type_pkey; Type: CONSTRAINT; Schema: public; Owner: postgres
--

ALTER TABLE ONLY public.django_content_type
    ADD CONSTRAINT django_content_type_pkey PRIMARY KEY (id);


--
-- Name: django_migrations django_migrations_pkey; Type: CONSTRAINT; Schema: public; Owner: postgres
--

ALTER TABLE ONLY public.django_migrations
    ADD CONSTRAINT django_migrations_pkey PRIMARY KEY (id);


--
-- Name: django_session django_session_pkey; Type: CONSTRAINT; Schema: public; Owner: postgres
--

ALTER TABLE ONLY public.django_session
    ADD CONSTRAINT django_session_pkey PRIMARY KEY (session_key);


--
-- Name: pointage_datasetpics pointage_datasetpics_pkey; Type: CONSTRAINT; Schema: public; Owner: postgres
--

ALTER TABLE ONLY public.pointage_datasetpics
    ADD CONSTRAINT pointage_datasetpics_pkey PRIMARY KEY (id);


--
-- Name: pointage_departement pointage_departement_pkey; Type: CONSTRAINT; Schema: public; Owner: postgres
--

ALTER TABLE ONLY public.pointage_departement
    ADD CONSTRAINT pointage_departement_pkey PRIMARY KEY (id);


--
-- Name: pointage_departement_users pointage_departement_users_departement_id_user_id_457c835b_uniq; Type: CONSTRAINT; Schema: public; Owner: postgres
--

ALTER TABLE ONLY public.pointage_departement_users
    ADD CONSTRAINT pointage_departement_users_departement_id_user_id_457c835b_uniq UNIQUE (departement_id, user_id);


--
-- Name: pointage_departement_users pointage_departement_users_pkey; Type: CONSTRAINT; Schema: public; Owner: postgres
--

ALTER TABLE ONLY public.pointage_departement_users
    ADD CONSTRAINT pointage_departement_users_pkey PRIMARY KEY (id);


--
-- Name: pointage_materiel pointage_materiel_pkey; Type: CONSTRAINT; Schema: public; Owner: postgres
--

ALTER TABLE ONLY public.pointage_materiel
    ADD CONSTRAINT pointage_materiel_pkey PRIMARY KEY (id);


--
-- Name: pointage_materiel pointage_materiel_porte_id_aa8a9f2b_uniq; Type: CONSTRAINT; Schema: public; Owner: postgres
--

ALTER TABLE ONLY public.pointage_materiel
    ADD CONSTRAINT pointage_materiel_porte_id_aa8a9f2b_uniq UNIQUE (porte_id);


--
-- Name: pointage_picturepointage pointage_picturepointage_pkey; Type: CONSTRAINT; Schema: public; Owner: postgres
--

ALTER TABLE ONLY public.pointage_picturepointage
    ADD CONSTRAINT pointage_picturepointage_pkey PRIMARY KEY (id);


--
-- Name: pointage_porte pointage_porte_pkey; Type: CONSTRAINT; Schema: public; Owner: postgres
--

ALTER TABLE ONLY public.pointage_porte
    ADD CONSTRAINT pointage_porte_pkey PRIMARY KEY (id);


--
-- Name: pointage_porte_users pointage_porte_users_pkey; Type: CONSTRAINT; Schema: public; Owner: postgres
--

ALTER TABLE ONLY public.pointage_porte_users
    ADD CONSTRAINT pointage_porte_users_pkey PRIMARY KEY (id);


--
-- Name: pointage_porte_users pointage_porte_users_porte_id_user_id_eb2a1578_uniq; Type: CONSTRAINT; Schema: public; Owner: postgres
--

ALTER TABLE ONLY public.pointage_porte_users
    ADD CONSTRAINT pointage_porte_users_porte_id_user_id_eb2a1578_uniq UNIQUE (porte_id, user_id);


--
-- Name: pointage_presence pointage_presence_pkey; Type: CONSTRAINT; Schema: public; Owner: postgres
--

ALTER TABLE ONLY public.pointage_presence
    ADD CONSTRAINT pointage_presence_pkey PRIMARY KEY (id);


--
-- Name: pointage_presenceday pointage_presenceday_pkey; Type: CONSTRAINT; Schema: public; Owner: postgres
--

ALTER TABLE ONLY public.pointage_presenceday
    ADD CONSTRAINT pointage_presenceday_pkey PRIMARY KEY (id);


--
-- Name: token_blacklist_blacklistedtoken token_blacklist_blacklistedtoken_pkey; Type: CONSTRAINT; Schema: public; Owner: postgres
--

ALTER TABLE ONLY public.token_blacklist_blacklistedtoken
    ADD CONSTRAINT token_blacklist_blacklistedtoken_pkey PRIMARY KEY (id);


--
-- Name: token_blacklist_blacklistedtoken token_blacklist_blacklistedtoken_token_id_key; Type: CONSTRAINT; Schema: public; Owner: postgres
--

ALTER TABLE ONLY public.token_blacklist_blacklistedtoken
    ADD CONSTRAINT token_blacklist_blacklistedtoken_token_id_key UNIQUE (token_id);


--
-- Name: token_blacklist_outstandingtoken token_blacklist_outstandingtoken_jti_hex_d9bdf6f7_uniq; Type: CONSTRAINT; Schema: public; Owner: postgres
--

ALTER TABLE ONLY public.token_blacklist_outstandingtoken
    ADD CONSTRAINT token_blacklist_outstandingtoken_jti_hex_d9bdf6f7_uniq UNIQUE (jti);


--
-- Name: token_blacklist_outstandingtoken token_blacklist_outstandingtoken_pkey; Type: CONSTRAINT; Schema: public; Owner: postgres
--

ALTER TABLE ONLY public.token_blacklist_outstandingtoken
    ADD CONSTRAINT token_blacklist_outstandingtoken_pkey PRIMARY KEY (id);


--
-- Name: user_user user_user_email_key; Type: CONSTRAINT; Schema: public; Owner: postgres
--

ALTER TABLE ONLY public.user_user
    ADD CONSTRAINT user_user_email_key UNIQUE (email);


--
-- Name: user_user user_user_matricule_key; Type: CONSTRAINT; Schema: public; Owner: postgres
--

ALTER TABLE ONLY public.user_user
    ADD CONSTRAINT user_user_matricule_key UNIQUE (matricule);


--
-- Name: user_user user_user_phone_number_key; Type: CONSTRAINT; Schema: public; Owner: postgres
--

ALTER TABLE ONLY public.user_user
    ADD CONSTRAINT user_user_phone_number_key UNIQUE (phone_number);


--
-- Name: user_user user_user_pkey; Type: CONSTRAINT; Schema: public; Owner: postgres
--

ALTER TABLE ONLY public.user_user
    ADD CONSTRAINT user_user_pkey PRIMARY KEY (id);


--
-- Name: auth_group_name_a6ea08ec_like; Type: INDEX; Schema: public; Owner: postgres
--

CREATE INDEX auth_group_name_a6ea08ec_like ON public.auth_group USING btree (name varchar_pattern_ops);


--
-- Name: auth_group_permissions_group_id_b120cbf9; Type: INDEX; Schema: public; Owner: postgres
--

CREATE INDEX auth_group_permissions_group_id_b120cbf9 ON public.auth_group_permissions USING btree (group_id);


--
-- Name: auth_group_permissions_permission_id_84c5c92e; Type: INDEX; Schema: public; Owner: postgres
--

CREATE INDEX auth_group_permissions_permission_id_84c5c92e ON public.auth_group_permissions USING btree (permission_id);


--
-- Name: auth_permission_content_type_id_2f476e4b; Type: INDEX; Schema: public; Owner: postgres
--

CREATE INDEX auth_permission_content_type_id_2f476e4b ON public.auth_permission USING btree (content_type_id);


--
-- Name: chat_message_room_id_5e7d8d78; Type: INDEX; Schema: public; Owner: postgres
--

CREATE INDEX chat_message_room_id_5e7d8d78 ON public.chat_message USING btree (room_id);


--
-- Name: chat_message_sender_id_991c686c; Type: INDEX; Schema: public; Owner: postgres
--

CREATE INDEX chat_message_sender_id_991c686c ON public.chat_message USING btree (sender_id);


--
-- Name: chat_room_user_room_id_541666dd; Type: INDEX; Schema: public; Owner: postgres
--

CREATE INDEX chat_room_user_room_id_541666dd ON public.chat_room_users USING btree (room_id);


--
-- Name: chat_room_user_user_id_bfc64c6c; Type: INDEX; Schema: public; Owner: postgres
--

CREATE INDEX chat_room_user_user_id_bfc64c6c ON public.chat_room_users USING btree (user_id);


--
-- Name: django_admin_log_content_type_id_c4bce8eb; Type: INDEX; Schema: public; Owner: postgres
--

CREATE INDEX django_admin_log_content_type_id_c4bce8eb ON public.django_admin_log USING btree (content_type_id);


--
-- Name: django_admin_log_user_id_c564eba6; Type: INDEX; Schema: public; Owner: postgres
--

CREATE INDEX django_admin_log_user_id_c564eba6 ON public.django_admin_log USING btree (user_id);


--
-- Name: django_session_expire_date_a5c62663; Type: INDEX; Schema: public; Owner: postgres
--

CREATE INDEX django_session_expire_date_a5c62663 ON public.django_session USING btree (expire_date);


--
-- Name: django_session_session_key_c0390e0f_like; Type: INDEX; Schema: public; Owner: postgres
--

CREATE INDEX django_session_session_key_c0390e0f_like ON public.django_session USING btree (session_key varchar_pattern_ops);


--
-- Name: pointage_datasetpics_user_id_0d235c7c; Type: INDEX; Schema: public; Owner: postgres
--

CREATE INDEX pointage_datasetpics_user_id_0d235c7c ON public.pointage_datasetpics USING btree (user_id);


--
-- Name: pointage_departement_users_departement_id_bc2889c2; Type: INDEX; Schema: public; Owner: postgres
--

CREATE INDEX pointage_departement_users_departement_id_bc2889c2 ON public.pointage_departement_users USING btree (departement_id);


--
-- Name: pointage_departement_users_user_id_252739b3; Type: INDEX; Schema: public; Owner: postgres
--

CREATE INDEX pointage_departement_users_user_id_252739b3 ON public.pointage_departement_users USING btree (user_id);


--
-- Name: pointage_picturepointage_user_id_e14a8261; Type: INDEX; Schema: public; Owner: postgres
--

CREATE INDEX pointage_picturepointage_user_id_e14a8261 ON public.pointage_picturepointage USING btree (user_id);


--
-- Name: pointage_porte_departement_id_a5eb82f5; Type: INDEX; Schema: public; Owner: postgres
--

CREATE INDEX pointage_porte_departement_id_a5eb82f5 ON public.pointage_porte USING btree (departement_id);


--
-- Name: pointage_porte_users_porte_id_662889cc; Type: INDEX; Schema: public; Owner: postgres
--

CREATE INDEX pointage_porte_users_porte_id_662889cc ON public.pointage_porte_users USING btree (porte_id);


--
-- Name: pointage_porte_users_user_id_c08920c4; Type: INDEX; Schema: public; Owner: postgres
--

CREATE INDEX pointage_porte_users_user_id_c08920c4 ON public.pointage_porte_users USING btree (user_id);


--
-- Name: pointage_presence_porte_id_02f57fe7; Type: INDEX; Schema: public; Owner: postgres
--

CREATE INDEX pointage_presence_porte_id_02f57fe7 ON public.pointage_presence USING btree (porte_id);


--
-- Name: pointage_presence_presence_day_id_395f6b62; Type: INDEX; Schema: public; Owner: postgres
--

CREATE INDEX pointage_presence_presence_day_id_395f6b62 ON public.pointage_presence USING btree (presence_day_id);


--
-- Name: pointage_presenceday_user_id_fe18479d; Type: INDEX; Schema: public; Owner: postgres
--

CREATE INDEX pointage_presenceday_user_id_fe18479d ON public.pointage_presenceday USING btree (user_id);


--
-- Name: token_blacklist_outstandingtoken_jti_hex_d9bdf6f7_like; Type: INDEX; Schema: public; Owner: postgres
--

CREATE INDEX token_blacklist_outstandingtoken_jti_hex_d9bdf6f7_like ON public.token_blacklist_outstandingtoken USING btree (jti varchar_pattern_ops);


--
-- Name: token_blacklist_outstandingtoken_user_id_83bc629a; Type: INDEX; Schema: public; Owner: postgres
--

CREATE INDEX token_blacklist_outstandingtoken_user_id_83bc629a ON public.token_blacklist_outstandingtoken USING btree (user_id);


--
-- Name: user_user_email_1c6f3d1a_like; Type: INDEX; Schema: public; Owner: postgres
--

CREATE INDEX user_user_email_1c6f3d1a_like ON public.user_user USING btree (email varchar_pattern_ops);


--
-- Name: user_user_matricule_355f0524_like; Type: INDEX; Schema: public; Owner: postgres
--

CREATE INDEX user_user_matricule_355f0524_like ON public.user_user USING btree (matricule varchar_pattern_ops);


--
-- Name: user_user_phone_number_65bc906c_like; Type: INDEX; Schema: public; Owner: postgres
--

CREATE INDEX user_user_phone_number_65bc906c_like ON public.user_user USING btree (phone_number varchar_pattern_ops);


--
-- Name: auth_group_permissions auth_group_permissio_permission_id_84c5c92e_fk_auth_perm; Type: FK CONSTRAINT; Schema: public; Owner: postgres
--

ALTER TABLE ONLY public.auth_group_permissions
    ADD CONSTRAINT auth_group_permissio_permission_id_84c5c92e_fk_auth_perm FOREIGN KEY (permission_id) REFERENCES public.auth_permission(id) DEFERRABLE INITIALLY DEFERRED;


--
-- Name: auth_group_permissions auth_group_permissions_group_id_b120cbf9_fk_auth_group_id; Type: FK CONSTRAINT; Schema: public; Owner: postgres
--

ALTER TABLE ONLY public.auth_group_permissions
    ADD CONSTRAINT auth_group_permissions_group_id_b120cbf9_fk_auth_group_id FOREIGN KEY (group_id) REFERENCES public.auth_group(id) DEFERRABLE INITIALLY DEFERRED;


--
-- Name: auth_permission auth_permission_content_type_id_2f476e4b_fk_django_co; Type: FK CONSTRAINT; Schema: public; Owner: postgres
--

ALTER TABLE ONLY public.auth_permission
    ADD CONSTRAINT auth_permission_content_type_id_2f476e4b_fk_django_co FOREIGN KEY (content_type_id) REFERENCES public.django_content_type(id) DEFERRABLE INITIALLY DEFERRED;


--
-- Name: chat_message chat_message_room_id_5e7d8d78_fk_chat_room_id; Type: FK CONSTRAINT; Schema: public; Owner: postgres
--

ALTER TABLE ONLY public.chat_message
    ADD CONSTRAINT chat_message_room_id_5e7d8d78_fk_chat_room_id FOREIGN KEY (room_id) REFERENCES public.chat_room(id) DEFERRABLE INITIALLY DEFERRED;


--
-- Name: chat_message chat_message_sender_id_991c686c_fk_user_user_id; Type: FK CONSTRAINT; Schema: public; Owner: postgres
--

ALTER TABLE ONLY public.chat_message
    ADD CONSTRAINT chat_message_sender_id_991c686c_fk_user_user_id FOREIGN KEY (sender_id) REFERENCES public.user_user(id) DEFERRABLE INITIALLY DEFERRED;


--
-- Name: chat_room_users chat_room_user_room_id_541666dd_fk_chat_room_id; Type: FK CONSTRAINT; Schema: public; Owner: postgres
--

ALTER TABLE ONLY public.chat_room_users
    ADD CONSTRAINT chat_room_user_room_id_541666dd_fk_chat_room_id FOREIGN KEY (room_id) REFERENCES public.chat_room(id) DEFERRABLE INITIALLY DEFERRED;


--
-- Name: chat_room_users chat_room_user_user_id_bfc64c6c_fk_user_user_id; Type: FK CONSTRAINT; Schema: public; Owner: postgres
--

ALTER TABLE ONLY public.chat_room_users
    ADD CONSTRAINT chat_room_user_user_id_bfc64c6c_fk_user_user_id FOREIGN KEY (user_id) REFERENCES public.user_user(id) DEFERRABLE INITIALLY DEFERRED;


--
-- Name: django_admin_log django_admin_log_content_type_id_c4bce8eb_fk_django_co; Type: FK CONSTRAINT; Schema: public; Owner: postgres
--

ALTER TABLE ONLY public.django_admin_log
    ADD CONSTRAINT django_admin_log_content_type_id_c4bce8eb_fk_django_co FOREIGN KEY (content_type_id) REFERENCES public.django_content_type(id) DEFERRABLE INITIALLY DEFERRED;


--
-- Name: django_admin_log django_admin_log_user_id_c564eba6_fk_user_user_id; Type: FK CONSTRAINT; Schema: public; Owner: postgres
--

ALTER TABLE ONLY public.django_admin_log
    ADD CONSTRAINT django_admin_log_user_id_c564eba6_fk_user_user_id FOREIGN KEY (user_id) REFERENCES public.user_user(id) DEFERRABLE INITIALLY DEFERRED;


--
-- Name: pointage_datasetpics pointage_datasetpics_user_id_0d235c7c_fk_user_user_id; Type: FK CONSTRAINT; Schema: public; Owner: postgres
--

ALTER TABLE ONLY public.pointage_datasetpics
    ADD CONSTRAINT pointage_datasetpics_user_id_0d235c7c_fk_user_user_id FOREIGN KEY (user_id) REFERENCES public.user_user(id) DEFERRABLE INITIALLY DEFERRED;


--
-- Name: pointage_departement_users pointage_departement_departement_id_bc2889c2_fk_pointage_; Type: FK CONSTRAINT; Schema: public; Owner: postgres
--

ALTER TABLE ONLY public.pointage_departement_users
    ADD CONSTRAINT pointage_departement_departement_id_bc2889c2_fk_pointage_ FOREIGN KEY (departement_id) REFERENCES public.pointage_departement(id) DEFERRABLE INITIALLY DEFERRED;


--
-- Name: pointage_departement_users pointage_departement_users_user_id_252739b3_fk_user_user_id; Type: FK CONSTRAINT; Schema: public; Owner: postgres
--

ALTER TABLE ONLY public.pointage_departement_users
    ADD CONSTRAINT pointage_departement_users_user_id_252739b3_fk_user_user_id FOREIGN KEY (user_id) REFERENCES public.user_user(id) DEFERRABLE INITIALLY DEFERRED;


--
-- Name: pointage_materiel pointage_materiel_porte_id_aa8a9f2b_fk_pointage_porte_id; Type: FK CONSTRAINT; Schema: public; Owner: postgres
--

ALTER TABLE ONLY public.pointage_materiel
    ADD CONSTRAINT pointage_materiel_porte_id_aa8a9f2b_fk_pointage_porte_id FOREIGN KEY (porte_id) REFERENCES public.pointage_porte(id) DEFERRABLE INITIALLY DEFERRED;


--
-- Name: pointage_picturepointage pointage_picturepointage_user_id_e14a8261_fk_user_user_id; Type: FK CONSTRAINT; Schema: public; Owner: postgres
--

ALTER TABLE ONLY public.pointage_picturepointage
    ADD CONSTRAINT pointage_picturepointage_user_id_e14a8261_fk_user_user_id FOREIGN KEY (user_id) REFERENCES public.user_user(id) DEFERRABLE INITIALLY DEFERRED;


--
-- Name: pointage_porte pointage_porte_departement_id_a5eb82f5_fk_pointage_; Type: FK CONSTRAINT; Schema: public; Owner: postgres
--

ALTER TABLE ONLY public.pointage_porte
    ADD CONSTRAINT pointage_porte_departement_id_a5eb82f5_fk_pointage_ FOREIGN KEY (departement_id) REFERENCES public.pointage_departement(id) DEFERRABLE INITIALLY DEFERRED;


--
-- Name: pointage_porte_users pointage_porte_users_porte_id_662889cc_fk_pointage_porte_id; Type: FK CONSTRAINT; Schema: public; Owner: postgres
--

ALTER TABLE ONLY public.pointage_porte_users
    ADD CONSTRAINT pointage_porte_users_porte_id_662889cc_fk_pointage_porte_id FOREIGN KEY (porte_id) REFERENCES public.pointage_porte(id) DEFERRABLE INITIALLY DEFERRED;


--
-- Name: pointage_porte_users pointage_porte_users_user_id_c08920c4_fk_user_user_id; Type: FK CONSTRAINT; Schema: public; Owner: postgres
--

ALTER TABLE ONLY public.pointage_porte_users
    ADD CONSTRAINT pointage_porte_users_user_id_c08920c4_fk_user_user_id FOREIGN KEY (user_id) REFERENCES public.user_user(id) DEFERRABLE INITIALLY DEFERRED;


--
-- Name: pointage_presence pointage_presence_porte_id_02f57fe7_fk_pointage_porte_id; Type: FK CONSTRAINT; Schema: public; Owner: postgres
--

ALTER TABLE ONLY public.pointage_presence
    ADD CONSTRAINT pointage_presence_porte_id_02f57fe7_fk_pointage_porte_id FOREIGN KEY (porte_id) REFERENCES public.pointage_porte(id) DEFERRABLE INITIALLY DEFERRED;


--
-- Name: pointage_presence pointage_presence_presence_day_id_395f6b62_fk_pointage_; Type: FK CONSTRAINT; Schema: public; Owner: postgres
--

ALTER TABLE ONLY public.pointage_presence
    ADD CONSTRAINT pointage_presence_presence_day_id_395f6b62_fk_pointage_ FOREIGN KEY (presence_day_id) REFERENCES public.pointage_presenceday(id) DEFERRABLE INITIALLY DEFERRED;


--
-- Name: pointage_presenceday pointage_presenceday_user_id_fe18479d_fk_user_user_id; Type: FK CONSTRAINT; Schema: public; Owner: postgres
--

ALTER TABLE ONLY public.pointage_presenceday
    ADD CONSTRAINT pointage_presenceday_user_id_fe18479d_fk_user_user_id FOREIGN KEY (user_id) REFERENCES public.user_user(id) DEFERRABLE INITIALLY DEFERRED;


--
-- Name: token_blacklist_blacklistedtoken token_blacklist_blacklistedtoken_token_id_3cc7fe56_fk; Type: FK CONSTRAINT; Schema: public; Owner: postgres
--

ALTER TABLE ONLY public.token_blacklist_blacklistedtoken
    ADD CONSTRAINT token_blacklist_blacklistedtoken_token_id_3cc7fe56_fk FOREIGN KEY (token_id) REFERENCES public.token_blacklist_outstandingtoken(id) DEFERRABLE INITIALLY DEFERRED;


--
-- Name: token_blacklist_outstandingtoken token_blacklist_outs_user_id_83bc629a_fk_user_user; Type: FK CONSTRAINT; Schema: public; Owner: postgres
--

ALTER TABLE ONLY public.token_blacklist_outstandingtoken
    ADD CONSTRAINT token_blacklist_outs_user_id_83bc629a_fk_user_user FOREIGN KEY (user_id) REFERENCES public.user_user(id) DEFERRABLE INITIALLY DEFERRED;


--
-- PostgreSQL database dump complete
--

